c_id,country,year,entity_id,FS,KOF,GDP,LANDAREA,PERCIP,POLITY,POPULATION
1,Algeria,2012,Algeria2012,50.5,55.55870438,5610.733282,2381740,89,9.47867298,37260563
1,Algeria,2013,Algeria2013,47.8,55.42286301,5519.777576,2381740,89,12.7962084,38000626
1,Algeria,2014,Algeria2014,52.7,55.5977211,5516.22944,2381740,89,9.52380943,38760168
1,Algeria,2015,Algeria2015,54.9,55.99381256,4197.419985,2381741,89,11.9047623,39543154
1,Algeria,2016,Algeria2016,57.9,55.40676498,3967.200647,2381741,89,12.3809528,40339329
1,Algeria,2017,Algeria2017,58.3,55.36476517,4134.936087,2381741,89,15.7142859,41136546
1,Algeria,2018,Algeria2018,58.5,55.45880127,4171.790388,2381741,89,17.9245281,41927007
1,Algeria,2019,Algeria2019,58.1,55.19251251,4021.983266,2381741,89,13.2075472,42705368
1,Algeria,2020,Algeria2020,61.1,54.40830231,3354.153164,2381741,89,17.9245281,43451666
1,Algeria,2021,Algeria2021,62.5,54.10095215,3700.314697,2381741,89,15.5660381,44177969
2,Angola,2012,Angola2012,42.9,43.95948792,5083.826851,1246700,1010,35.0710907,25188292
2,Angola,2013,Angola2013,41.9,43.61705399,5061.34924,1246700,1010,35.0710907,26147002
2,Angola,2014,Angola2014,41.9,43.08902359,5011.984412,1246700,1010,32.8571434,27128337
2,Angola,2015,Angola2015,43.3,44.74098587,3217.339244,1246700,1010,28.0952377,28127721
2,Angola,2016,Angola2016,42.4,44.88009262,1809.709377,1246700,1010,33.3333321,29154746
2,Angola,2017,Angola2017,39.2,43.36266327,2439.374441,1246700,1010,30.4761906,30208628
2,Angola,2018,Angola2018,40.6,43.51302719,2540.508878,1246700,1010,34.9056587,31273533
2,Angola,2019,Angola2019,42.4,43.3977356,2191.347764,1246700,1010,31.6037731,32353588
2,Angola,2020,Angola2020,43.6,42.57578278,1450.905112,1246700,1010,24.5283012,33428486
2,Angola,2021,Angola2021,45.5,42.1545105,1927.474078,1246700,1010,21.2264156,34503774
3,Argentina,2012,Argentina2012,63.5,65.44074249,13082.66433,2736690,591,49.2891006,41733271
3,Argentina,2013,Argentina2013,63.4,65.9514389,13080.25473,2736690,591,48.3412323,42202935
3,Argentina,2014,Argentina2014,63.6,65.97364044,12334.79825,2736690,591,45.7142868,42669500
3,Argentina,2015,Argentina2015,60,65.86826324,13789.06042,2736690,591,46.1904755,43131966
3,Argentina,2016,Argentina2016,64.4,66.95088959,12790.26414,2736690,591,52.8571434,43590368
3,Argentina,2017,Argentina2017,64,69.65995026,14613.03565,2736690,591,53.3333321,44044811
3,Argentina,2018,Argentina2018,64.5,71.0846405,11795.16275,2736690,591,47.1698112,44494502
3,Argentina,2019,Argentina2019,62.3,69.94237518,9963.674162,2736690,591,43.8679237,44938712
3,Argentina,2020,Argentina2020,65.5,69.34471893,8500.837939,2736690,591,45.28302,45376763
3,Argentina,2021,Argentina2021,64.7,68.7053833,10650.86046,2736690,591,47.64151,45808747
4,Australia,2012,Australia2012,70.8,80.21089172,68078.04423,7682300,534,82.4644547,22733465
4,Australia,2013,Australia2013,73.8,79.68951416,68198.41934,7682300,534,83.412323,23128129
4,Australia,2014,Australia2014,76.1,79.98292542,62558.24388,7682300,534,85.2380981,23475686
4,Australia,2015,Australia2015,74.8,80.11785889,56758.8692,7682300,534,76.1904755,23815995
4,Australia,2016,Australia2016,75.6,80.79128265,49918.79393,7692020,534,87.6190491,24190907
4,Australia,2017,Australia2017,76.1,80.95336151,53954.55349,7692020,534,77.6190491,24592588
4,Australia,2018,Australia2018,77.1,80.82858276,57273.52048,7692020,534,83.4905624,24963258
4,Australia,2019,Australia2019,75.7,80.83149719,55049.57192,7692020,534,78.3018875,25334826
4,Australia,2020,Australia2020,73.8,79.63712311,51868.24756,7692020,534,74.5283051,25649248
4,Australia,2021,Australia2021,70.7,79.59479523,60697.24544,7692020,534,75.4716949,25685412
5,Austria,2012,Austria2012,74.4,87.80891418,48564.91734,82520,1110,96.2085342,8429991
5,Austria,2013,Austria2013,74,87.56616211,50731.12725,82520,1110,96.2085342,8479823
5,Austria,2014,Austria2014,76,88.49612427,51786.37717,82520,1110,95.2380981,8546356
5,Austria,2015,Austria2015,77.6,88.05127716,44195.81759,82520,1110,90,8642699
5,Austria,2016,Austria2016,77.4,88.134552,45307.58786,82520,1110,77.1428604,8736668
5,Austria,2017,Austria2017,78,88.35507202,47429.15846,82520,1110,85.2380981,8797566
5,Austria,2018,Austria2018,77.5,88.28479004,51466.55656,82520,1110,77.35849,8840521
5,Austria,2019,Austria2019,78.2,88.50206757,50067.58573,82520,1110,77.35849,8879920
5,Austria,2020,Austria2020,78.9,88.14388275,48789.49785,82520,1110,76.886795,8916864
5,Austria,2021,Austria2021,77.7,88.4977417,53517.89045,82520,1110,79.245285,8955797
6,Azerbaijan,2012,Azerbaijan2012,56.9,61.18781662,7495.865277,82658,447,23.2227497,9295784
6,Azerbaijan,2013,Azerbaijan2013,61.6,60.74142456,7875.345367,82659,447,33.6492882,9416801
6,Azerbaijan,2014,Azerbaijan2014,63.8,61.7189064,7890.840281,82663,447,26.1904755,9535079
6,Azerbaijan,2015,Azerbaijan2015,65.4,62.04681015,5500.503646,82663,447,21.9047623,9649341
6,Azerbaijan,2016,Azerbaijan2016,62.8,63.36383057,3880.685228,82670,447,18.0952377,9757812
6,Azerbaijan,2017,Azerbaijan2017,59,63.89630508,4147.198142,82662,447,19.5238094,9854033
6,Azerbaijan,2018,Azerbaijan2018,58.2,66.93783569,4739.794312,82654,447,20.7547169,9939771
6,Azerbaijan,2019,Azerbaijan2019,62.4,66.93414307,4805.753718,82654,447,22.64151,10024283
6,Azerbaijan,2020,Azerbaijan2020,63.3,65.79084015,4229.910649,82646,447,17.4528294,10093121
6,Azerbaijan,2021,Azerbaijan2021,60.8,65.1491394,5408.045352,82650,447,18.3962269,10137750
7,Bahrain,2012,Bahrain2012,64.7,68.21658325,25102.72635,770,83,15.6398106,1224939
7,Bahrain,2013,Bahrain2013,64.5,67.7213974,25790.73031,770,83,9.00473976,1261673
7,Bahrain,2014,Bahrain2014,65.9,68.68804932,25464.7601,771,83,15.7142859,1311134
7,Bahrain,2015,Bahrain2015,65.2,68.15557861,22795.44886,778,83,12.8571424,1362142
7,Bahrain,2016,Bahrain2016,65.5,67.44847107,22867.18112,779,83,19.5238094,1409661
7,Bahrain,2017,Bahrain2017,66.1,68.37548065,24349.90987,780,83,14.2857141,1456834
7,Bahrain,2018,Bahrain2018,69.5,69.14896393,25415.84662,778,83,17.4528294,1487340
7,Bahrain,2019,Bahrain2019,69.4,68.608284,25869.11291,780,83,23.1132069,1494188
7,Bahrain,2020,Bahrain2020,68.6,68.24628448,23433.18724,785,83,24.0566044,1477469
7,Bahrain,2021,Bahrain2021,69.3,68.50669098,26850.00339,790,83,27.8301888,1463265
8,Bangladesh,2012,Bangladesh2012,47.1,50.50550842,876.8180104,130170,2666,9.00473976,152090649
8,Bangladesh,2013,Bangladesh2013,51.9,50.70693588,973.7739043,130170,2666,7.58293819,154030139
8,Bangladesh,2014,Bangladesh2014,53,50.55921555,1108.514957,130170,2666,16.666666,155961299
8,Bangladesh,2015,Bangladesh2015,52.9,50.17893219,1236.004392,130170,2666,10,157830000
8,Bangladesh,2016,Bangladesh2016,54.2,49.61602402,1659.962496,130170,2666,10.9523811,159784568
8,Bangladesh,2017,Bangladesh2017,57.1,50.04301453,1815.610262,130170,2666,10.4761906,161793964
8,Bangladesh,2018,Bangladesh2018,56.5,49.84474182,1963.412492,130170,2666,14.1509438,163683958
8,Bangladesh,2019,Bangladesh2019,54.8,49.43650818,2122.078397,130170,2666,15.5660381,165516222
8,Bangladesh,2020,Bangladesh2020,54.2,49.57544327,2233.305901,130170,2666,15.5660381,167420951
8,Bangladesh,2021,Bangladesh2021,53.6,50.06136703,2457.924039,130170,2666,14.1509438,169356251
9,Belarus,2012,Belarus2012,60.2,64.32426453,6953.215917,202899,618,47.8672981,9446836
9,Belarus,2013,Belarus2013,60.5,64.71662903,7998.080205,202908,618,46.4454994,9443211
9,Belarus,2014,Belarus2014,63.9,64.09819794,8341.290143,202973,618,52.8571434,9448515
9,Belarus,2015,Belarus2015,61.1,65.36656952,5967.06856,202978,618,51.9047623,9461076
9,Belarus,2016,Belarus2016,65.6,66.70611572,5039.775609,202988,618,51.4285698,9469379
9,Belarus,2017,Belarus2017,65.1,66.02555847,5785.533977,202988,618,43.3333321,9458989
9,Belarus,2018,Belarus2018,69.7,66.27028656,6360.053101,202980,618,57.5471687,9438785
9,Belarus,2019,Belarus2019,71.6,66.02169037,6837.768321,202965,618,58.4905663,9419758
9,Belarus,2020,Belarus2020,69.4,65.92467499,6542.86454,202980,618,16.9811325,9379952
9,Belarus,2021,Belarus2021,69.1,67.34676361,7489.718947,202950,618,19.8113213,9302585
10,Belgium,2012,Belgium2012,73.6,89.46047974,44670.56068,30280,847,76.3033142,11106932
10,Belgium,2013,Belgium2013,73.9,89.39769745,46757.95186,30280,847,77.7251205,11159407
10,Belgium,2014,Belgium2014,74.6,90.42058563,47764.07151,30280,847,69.5238113,11209057
10,Belgium,2015,Belgium2015,76.2,89.80172729,41008.29672,30280,847,64.2857132,11274196
10,Belgium,2016,Belgium2016,75.5,89.80150604,42012.62272,30280,847,61.4285698,11331422
10,Belgium,2017,Belgium2017,77,89.87220764,44198.48239,30280,847,62.3809509,11375158
10,Belgium,2018,Belgium2018,77.2,90.28476715,47544.98115,30280,847,59.4339638,11427054
10,Belgium,2019,Belgium2019,75.8,90.42138672,46641.7214,30280,847,60.8490562,11488980
10,Belgium,2020,Belgium2020,76.5,90.1946106,45609.00349,30280,847,64.1509399,11538604
10,Belgium,2021,Belgium2021,74.5,90.37535095,51850.39718,30280,847,67.4528275,11586195
11,Benin,2012,Benin2012,39.2,45.7789917,1112.569536,112760,1039,58.2938385,10014078
11,Benin,2013,Benin2013,39.8,49.22647858,1214.295565,112760,1039,58.2938385,10308730
11,Benin,2014,Benin2014,41.3,49.03427505,1251.504765,112760,1039,47.1428566,10614844
11,Benin,2015,Benin2015,44.7,47.66456604,1041.652523,112760,1039,44.7619057,10932783
11,Benin,2016,Benin2016,45.5,48.74095154,1049.820303,112760,1039,47.1428566,11260085
11,Benin,2017,Benin2017,46.7,49.61484909,1095.274459,112760,1039,47.6190491,11596779
11,Benin,2018,Benin2018,46.4,49.84050751,1194.438214,112760,1039,40.5660362,11940683
11,Benin,2019,Benin2019,46.4,49.85192108,1170.885995,112760,1039,29.7169819,12290444
11,Benin,2020,Benin2020,48.6,49.72877121,1240.733155,112760,1039,31.6037731,12643123
11,Benin,2021,Benin2021,46.6,49.89591217,1360.911474,112760,1039,32.07547,12996895
12,Botswana,2012,Botswana2012,50.2,52.05486679,6392.987347,566730,416,88.6255951,2175425
12,Botswana,2013,Botswana2013,50.1,53.42240143,6436.603319,566730,416,88.1516571,2217278
12,Botswana,2014,Botswana2014,50.5,55.47135925,6844.03325,566730,416,84.2857132,2260376
12,Botswana,2015,Botswana2015,51.2,55.80873108,5869.737579,566730,416,86.1904755,2305171
12,Botswana,2016,Botswana2016,52.2,55.72478104,6411.551666,566730,416,84.2857132,2352416
12,Botswana,2017,Botswana2017,53,54.39403915,6705.341062,566730,416,84.7619019,2401840
12,Botswana,2018,Botswana2018,54.7,54.69799423,6947.817841,566730,416,82.07547,2451409
12,Botswana,2019,Botswana2019,56.4,54.54294205,6691.161053,566730,416,88.20755,2499702
12,Botswana,2020,Botswana2020,56.8,53.04556274,5875.070606,566730,416,83.962265,2546402
12,Botswana,2021,Botswana2021,54.7,53.32617188,7238.796098,566730,416,86.79245,2588423
13,Brazil,2012,Brazil2012,63.8,64.25704193,12327.5131,8358140,1761,46.4454994,199977707
13,Brazil,2013,Brazil2013,66.5,64.06838989,12258.56571,8358140,1761,36.9668236,201721767
13,Brazil,2014,Brazil2014,66.9,65.1579895,12071.40446,8358140,1761,42.8571434,203459650
13,Brazil,2015,Brazil2015,68.5,63.54554749,8783.215424,8358140,1761,34.2857132,205188205
13,Brazil,2016,Brazil2016,70.2,63.86600113,8680.736469,8358140,1761,31.9047623,206859578
13,Brazil,2017,Brazil2017,69.9,64.06031799,9896.718895,8358140,1761,29.5238094,208504960
13,Brazil,2018,Brazil2018,73.6,64.25360107,9121.020995,8358140,1761,29.2452831,210166592
13,Brazil,2019,Brazil2019,71.8,64.69142151,8845.324149,8358140,1761,20.7547169,211782878
13,Brazil,2020,Brazil2020,68.1,64.29445648,6923.699912,8358140,1761,31.1320763,213196304
13,Brazil,2021,Brazil2021,66.2,64.64039612,7696.78483,8358140,1761,31.1320763,214326223
14,Bulgaria,2012,Bulgaria2012,63.5,78.02796173,7430.73738,108560,608,58.7677727,7305888
14,Bulgaria,2013,Bulgaria2013,64.5,78.98612213,7687.713682,108560,608,53.0805702,7265115
14,Bulgaria,2014,Bulgaria2014,65.1,79.27457428,7912.274844,108560,608,49.5238113,7223938
14,Bulgaria,2015,Bulgaria2015,67.3,79.49595642,7078.860323,108560,608,46.6666679,7177991
14,Bulgaria,2016,Bulgaria2016,68.1,79.7053833,7570.931655,108560,608,49.0476189,7127822
14,Bulgaria,2017,Bulgaria2017,68.3,80.15558624,8381.881346,108560,608,59.0476189,7075947
14,Bulgaria,2018,Bulgaria2018,66.4,79.76886749,9447.655897,108560,608,61.7924538,7025037
14,Bulgaria,2019,Bulgaria2019,68.2,79.45946503,9874.336326,108560,608,66.037735,6975761
14,Bulgaria,2020,Bulgaria2020,68.7,78.82913208,10148.3424,108560,608,58.4905663,6934015
14,Bulgaria,2021,Bulgaria2021,72.2,78.71135712,12219.34187,108560,608,58.0188675,6877743
15,Burkina Faso,2012,Burkina Faso2012,38.9,48.32420731,733.9728796,273600,748,27.0142174,17113732
15,Burkina Faso,2013,Burkina Faso2013,42.4,50.14761734,762.3037801,273600,748,21.8009472,17636408
15,Burkina Faso,2014,Burkina Faso2014,44.1,50.20169449,767.3713441,273600,748,20,18169842
15,Burkina Faso,2015,Burkina Faso2015,45.1,51.11116028,632.1266858,273600,748,25.2380943,18718019
15,Burkina Faso,2016,Burkina Faso2016,48.3,51.42589569,665.7863286,273600,748,16.666666,19275498
15,Burkina Faso,2017,Burkina Faso2017,50,51.54945755,711.1845434,273600,748,15.2380953,19835858
15,Burkina Faso,2018,Burkina Faso2018,50.6,52.12870407,779.2027686,273600,748,13.2075472,20392723
15,Burkina Faso,2019,Burkina Faso2019,51.1,51.57312775,765.2295604,273600,748,11.7924528,20951639
15,Burkina Faso,2020,Burkina Faso2020,50.8,51.35541534,823.5524109,273600,748,9.43396187,21522626
15,Burkina Faso,2021,Burkina Faso2021,51.8,51.79704285,888.7810788,273600,748,7.54716969,22100683
16,Burundi,2012,Burundi2012,42,37.89536285,238.2059453,25680,1274,5.68720388,9795479
16,Burundi,2013,Burundi2013,41.1,38.91916656,241.5476657,25680,1274,8.53080559,10149577
16,Burundi,2014,Burundi2014,41.9,39.60163116,257.8185574,25680,1274,20.4761906,10494913
16,Burundi,2015,Burundi2015,43,39.51656342,289.3596272,25680,1274,5.71428585,10727148
16,Burundi,2016,Burundi2016,41.9,39.6637001,242.5395273,25680,1274,5.71428585,10903327
16,Burundi,2017,Burundi2017,42.4,39.98462677,244.1454222,25680,1274,4.28571415,11155593
16,Burundi,2018,Burundi2018,32.8,40.18182373,232.0606166,25680,1274,7.54716969,11493472
16,Burundi,2019,Burundi2019,39.4,40.37198639,216.9729709,25680,1274,7.07547188,11874838
16,Burundi,2020,Burundi2020,41.9,40.6651001,216.8274175,25680,1274,8.96226406,12220227
16,Burundi,2021,Burundi2021,39.3,41.25352859,221.1578034,25680,1274,11.320755,12551213
17,Cambodia,2012,Cambodia2012,44.3,55.78897095,950.4825446,176520,1904,41.2322273,14786640
17,Cambodia,2013,Cambodia2013,47.1,55.96232224,1015.220881,176520,1904,41.7061615,14999683
17,Cambodia,2014,Cambodia2014,51.4,56.61489868,1098.074538,176520,1904,46.1904755,15210817
17,Cambodia,2015,Cambodia2015,54.2,57.18682861,1170.742816,176520,1904,49.5238113,15417523
17,Cambodia,2016,Cambodia2016,55.1,57.53195953,1281.105971,176520,1904,53.3333321,15624584
17,Cambodia,2017,Cambodia2017,56.1,57.83807373,1400.899265,176520,1904,50.9523811,15830689
17,Cambodia,2018,Cambodia2018,58.9,58.42184448,1533.315985,176520,1904,52.8301888,16025238
17,Cambodia,2019,Cambodia2019,56.2,58.74612808,1671.3854,176520,1904,44.8113213,16207746
17,Cambodia,2020,Cambodia2020,52.7,57.41332245,1577.91174,176520,1904,40.5660362,16396860
17,Cambodia,2021,Cambodia2021,55,55.80393219,1625.235021,176520,1904,42.4528313,16589023
18,Cameroon,2012,Cameroon2012,43.6,47.75483322,1433.723928,472710,1604,26.5402851,21032684
18,Cameroon,2013,Cameroon2013,42.1,48.38391113,1559.139049,472710,1604,27.4881516,21632850
18,Cameroon,2014,Cameroon2014,43,49.54418945,1631.713985,472710,1604,12.3809528,22299585
18,Cameroon,2015,Cameroon2015,47,49.50350571,1399.675336,472710,1604,15.2380953,23012646
18,Cameroon,2016,Cameroon2016,46.3,49.32993698,1426.065481,472710,1604,13.333333,23711630
18,Cameroon,2017,Cameroon2017,46,48.87034225,1479.862222,472710,1604,12.3809528,24393181
18,Cameroon,2018,Cameroon2018,48.1,49.42567062,1594.06011,472710,1604,8.49056625,25076747
18,Cameroon,2019,Cameroon2019,47.4,49.85661697,1538.687912,472710,1604,8.01886749,25782341
18,Cameroon,2020,Cameroon2020,47.4,48.93529129,1539.130545,472710,1604,9.90566063,26491087
18,Cameroon,2021,Cameroon2021,48.4,48.41661453,1654.257037,472710,1604,9.90566063,27198628
19,Canada,2012,Canada2012,72.1,82.65313721,52669.08996,8965590,537,89.0995255,34714222
19,Canada,2013,Canada2013,72.8,82.57956696,52635.17496,8965590,537,86.7298584,35082954
19,Canada,2014,Canada2014,72.5,83.54377747,50955.99832,8965590,537,92.8571396,35437435
19,Canada,2015,Canada2015,71.1,83.54431915,43596.13554,8965590,537,94.2857132,35702908
19,Canada,2016,Canada2016,72.6,83.86650848,42315.60371,8965590,537,92.8571396,36109487
19,Canada,2017,Canada2017,74,83.89564514,45129.4293,8965590,537,87.1428604,36545236
19,Canada,2018,Canada2018,76.1,84.20256805,46548.63841,8965590,537,82.5471725,37065084
19,Canada,2019,Canada2019,77.8,84.44472504,46374.15275,8965590,537,81.603775,37601230
19,Canada,2020,Canada2020,77.6,83.74590302,43562.43583,8965590,537,84.43396,38007166
19,Canada,2021,Canada2021,79.5,83.61515045,52515.19984,8788700,537,83.0188675,38226498
20,Chad,2012,Chad2012,35.5,37.42413712,969.6161428,1259200,322,16.587677,12754906
20,Chad,2013,Chad2013,33.2,37.69247055,980.0835444,1259200,322,15.6398106,13216766
20,Chad,2014,Chad2014,38.6,39.27014542,1017.787762,1259200,322,8.09523773,13697126
20,Chad,2015,Chad2015,41.1,39.38298035,774.4116031,1259200,322,15.7142859,14140274
20,Chad,2016,Chad2016,41.6,39.34590912,691.9800774,1259200,322,10.4761906,14592585
20,Chad,2017,Chad2017,42.4,40.20223618,662.897473,1259200,322,9.52380943,15085884
20,Chad,2018,Chad2018,42.3,39.99842834,720.2651014,1259200,322,8.01886749,15604210
20,Chad,2019,Chad2019,43.9,40.16884232,701.621201,1259200,322,10.3773584,16126866
20,Chad,2020,Chad2020,42.7,39.92927551,643.7722157,1259200,322,11.320755,16644701
20,Chad,2021,Chad2021,42.4,40.44694519,685.690315,1259200,322,10.3773584,17179740
21,Chile,2012,Chile2012,68.3,76.21356201,15397.78046,743532,1522,57.8199043,17341771
21,Chile,2013,Chile2013,69.6,75.96504211,15842.15916,743532,1522,59.715641,17509925
21,Chile,2014,Chile2014,71.6,76.88684082,14675.15087,743532,1522,60,17687108
21,Chile,2015,Chile2015,69.5,76.04151917,13567.35722,743532,1522,60,17870124
21,Chile,2016,Chile2016,69.6,76.29489899,13788.24002,743532,1522,60.4761887,18083879
21,Chile,2017,Chile2017,73.6,76.15634918,15034.05843,743532,1522,61.9047623,18368577
21,Chile,2018,Chile2018,75.4,75.96260071,15820.03336,743532,1522,60.8490562,18701450
21,Chile,2019,Chile2019,75.7,75.73980713,14632.69031,743532,1522,46.6981125,19039485
21,Chile,2020,Chile2020,74.1,75.71051788,13173.78479,743532,1522,48.5849075,19300315
21,Chile,2021,Chile2021,74.4,75.63895416,16240.60778,743532,1522,51.4150925,19493184
22,China,2012,China2012,60.5,62.54109192,6300.58218,9388211,645,27.9620857,1354190000
22,China,2013,China2013,66,63.39641571,7020.386074,9388211,645,26.5402851,1363240000
22,China,2014,China2014,67.9,63.80612946,7636.07434,9388211,645,28.5714283,1371860000
22,China,2015,China2015,69.8,63.53113937,8016.445595,9388211,645,26.1904755,1379860000
22,China,2016,China2016,70.7,63.76874924,8094.390167,9388210,645,26.666666,1387790000
22,China,2017,China2017,70.4,64.32263184,8817.045608,9388210,645,38.5714302,1396215000
22,China,2018,China2018,71.6,64.30016327,9905.406383,9388210,645,36.320755,1402760000
22,China,2019,China2019,73.4,64.4489212,10143.86022,9388210,645,38.2075462,1407745000
22,China,2020,China2020,70.3,64.53274536,10408.71955,9388210,645,27.8301888,1411100000
22,China,2021,China2021,70.6,64.55236053,12617.5051,9388210,645,28.3018875,1412360000
23,Colombia,2012,Colombia2012,62.3,60.61769867,8096.80151,1109500,3240,8.05687237,45782417
23,Colombia,2013,Colombia2013,61.7,61.66572952,8263.641929,1109500,3240,10.4265404,46237930
23,Colombia,2014,Colombia2014,66.1,61.86207962,8167.472842,1109500,3240,10.9523811,46677947
23,Colombia,2015,Colombia2015,67.9,62.6052742,6228.651622,1109500,3240,12.3809528,47119728
23,Colombia,2016,Colombia2016,67,62.56145859,5936.261022,1109500,3240,16.1904755,47625955
23,Colombia,2017,Colombia2017,67.4,63.24182892,6449.970987,1109500,3240,18.0952377,48351671
23,Colombia,2018,Colombia2018,72,63.46238327,6782.03792,1109500,3240,18.8679237,49276961
23,Colombia,2019,Colombia2019,71,63.80325317,6436.509215,1109500,3240,14.6226416,50187406
23,Colombia,2020,Colombia2020,64.9,63.21697617,5304.289129,1109500,3240,21.2264156,50930662
23,Colombia,2021,Colombia2021,63,63.94086075,6182.707099,1109500,3240,16.5094337,51516562
24,Costa Rica,2012,Costa Rica2012,71.7,66.0091095,9971.651656,51060,2926,67.7725143,4736593
24,Costa Rica,2013,Costa Rica2013,74.5,66.50409698,10633.26655,51060,2926,67.7725143,4791535
24,Costa Rica,2014,Costa Rica2014,74.4,67.54581451,10737.67888,51060,2926,65.2380981,4844288
24,Costa Rica,2015,Costa Rica2015,74.2,66.95543671,11529.95517,51060,2926,67.1428604,4895242
24,Costa Rica,2016,Costa Rica2016,74.7,70.0475235,11899.81398,51060,2926,66.6666641,4945205
24,Costa Rica,2017,Costa Rica2017,74.5,70.78856659,12118.13362,51060,2926,66.1904755,4993842
24,Costa Rica,2018,Costa Rica2018,76.7,71.34043884,12383.14995,51060,2926,62.2641525,5040734
24,Costa Rica,2019,Costa Rica2019,74.9,71.81184387,12669.34115,51060,2926,60.3773575,5084532
24,Costa Rica,2020,Costa Rica2020,76.3,71.04556274,12179.25667,51060,2926,71.6981125,5123105
24,Costa Rica,2021,Costa Rica2021,77.7,71.40798187,12604.04884,51060,2926,76.886795,5153957
25,Denmark,2012,Denmark2012,73.4,87.12239838,58507.50805,40000,703,75.8293839,5591572
25,Denmark,2013,Denmark2013,74.2,86.98514557,61191.1937,40000,703,80.0947876,5614932
25,Denmark,2014,Denmark2014,77.4,87.71041107,62548.98473,40000,703,78.5714264,5643475
25,Denmark,2015,Denmark2015,78.2,87.71859741,53254.85637,40000,703,76.6666641,5683483
25,Denmark,2016,Denmark2016,77.7,87.74868774,54663.99837,40000,703,75.2380981,5728010
25,Denmark,2017,Denmark2017,78.7,87.94947815,57610.09818,40000,703,75.2380981,5764980
25,Denmark,2018,Denmark2018,77.7,87.84017181,61591.92887,40000,703,79.71698,5793636
25,Denmark,2019,Denmark2019,76.6,87.69969177,59592.98069,40000,703,81.1320724,5814422
25,Denmark,2020,Denmark2020,76.1,87.51481628,60836.59241,40000,703,78.3018875,5831404
25,Denmark,2021,Denmark2021,77.3,87.79129791,69268.6518,40000,703,80.1886826,5856733
26,Ecuador,2012,Ecuador2012,59.4,61.14961624,5678.455721,248360,2274,27.4881516,15483883
26,Ecuador,2013,Ecuador2013,59.4,61.8898468,6050.354611,248360,2274,39.3364944,15722989
26,Ecuador,2014,Ecuador2014,61.8,60.04859161,6374.631486,248360,2274,45.2380943,15957994
26,Ecuador,2015,Ecuador2015,61.2,60.20314407,6130.586676,248360,2274,40.9523811,16195902
26,Ecuador,2016,Ecuador2016,62,59.37977219,6079.088736,248360,2274,44.2857132,16439585
26,Ecuador,2017,Ecuador2017,64.1,59.38324356,6246.404252,248360,2274,41.9047623,16696944
26,Ecuador,2018,Ecuador2018,66.4,59.43602753,6321.349401,248360,2274,42.4528313,17015672
26,Ecuador,2019,Ecuador2019,66.2,59.5945282,6233.258167,248360,2274,39.1509438,17343740
26,Ecuador,2020,Ecuador2020,65.3,59.76604843,5645.19929,248360,2274,37.2641525,17588595
26,Ecuador,2021,Ecuador2021,64.9,60.1884079,5965.132871,248360,2274,37.2641525,17797737
27,El Salvador,2012,El Salvador2012,58.8,62.71022797,3471.051269,20720,1784,54.5023689,6161289
27,El Salvador,2013,El Salvador2013,61.7,63.16306305,3555.1621,20720,1784,45.4976311,6185642
27,El Salvador,2014,El Salvador2014,61.1,65.07752991,3638.517658,20720,1784,43.8095245,6209526
27,El Salvador,2015,El Salvador2015,63.6,63.91082001,3761.51368,20720,1784,45.2380943,6231066
27,El Salvador,2016,El Salvador2016,59.4,64.23810577,3870.312982,20720,1784,43.3333321,6250510
27,El Salvador,2017,El Salvador2017,60.8,64.58227539,3986.049014,20720,1784,35.7142868,6266654
27,El Salvador,2018,El Salvador2018,62.9,64.68115997,4145.862351,20720,1784,32.07547,6276342
27,El Salvador,2019,El Salvador2019,62.8,64.89536285,4280.288404,20720,1784,42.92453,6280217
27,El Salvador,2020,El Salvador2020,60.8,64.86522675,3961.726633,20720,1784,44.3396225,6292731
27,El Salvador,2021,El Salvador2021,62.3,65.51047516,4664.311223,20720,1784,44.8113213,6314167
28,Ethiopia,2012,Ethiopia2012,38.7,43.07991409,458.5509208,1128582.022,848,7.10900497,94451280
28,Ethiopia,2013,Ethiopia2013,41,43.08137131,490.7924784,1128572.048,848,8.05687237,97084366
28,Ethiopia,2014,Ethiopia2014,46.1,43.88434982,557.5341484,1128538.282,848,8.5714283,99746766
28,Ethiopia,2015,Ethiopia2015,44.5,43.99448013,630.3126194,1128539.353,848,8.5714283,102471895
28,Ethiopia,2016,Ethiopia2016,43.9,44.18629074,705.6175085,1128558.509,848,7.61904764,105293228
28,Ethiopia,2017,Ethiopia2017,48,43.59387589,755.7526443,1128552.82,848,7.61904764,108197950
28,Ethiopia,2018,Ethiopia2018,46.5,45.15265656,758.2976945,1128561.429,848,10.8490562,111129438
28,Ethiopia,2019,Ethiopia2019,45.8,44.60150909,840.4496013,1128570.858,848,11.320755,114120594
28,Ethiopia,2020,Ethiopia2020,41.7,44.40684891,918.6525941,1128571.265,848,6.13207531,117190911
28,Ethiopia,2021,Ethiopia2021,42.7,44.56758881,925.0006976,1128571.265,848,3.77358484,120283026
29,Finland,2012,Finland2012,78.4,86.52311707,47708.06128,303890,536,98.1042633,5413971
29,Finland,2013,Finland2013,78.2,86.02788544,49892.22336,303890,536,97.156395,5438972
29,Finland,2014,Finland2014,78.3,87.2542572,50327.24029,303890,536,96.1904755,5461512
29,Finland,2015,Finland2015,80.7,86.95568848,42801.90812,303910,536,85.7142868,5479531
29,Finland,2016,Finland2016,83,87.01467133,43814.02651,303910,536,84.7619019,5495303
29,Finland,2017,Finland2017,84,87.5246048,46412.13648,303920,536,86.6666641,5508214
29,Finland,2018,Finland2018,83.8,87.67671967,49987.62616,303920,536,77.8301849,5515525
29,Finland,2019,Finland2019,83.6,87.54255676,48629.85823,303930,536,75.9433975,5521606
29,Finland,2020,Finland2020,84.3,86.93312073,49169.71934,303940,536,80.6603775,5529543
29,Finland,2021,Finland2021,82.7,87.32643127,53504.69365,303947.7,536,83.4905624,5541017
30,France,2012,France2012,76.8,87.07244873,40870.85236,547557,867,63.5071106,65662240
30,France,2013,France2013,76.3,86.88379669,42602.71797,547557,867,62.0853081,66002289
30,France,2014,France2014,77.2,87.84912109,43068.54872,547557,867,58.0952377,66312067
30,France,2015,France2015,77.5,87.68779755,36652.92231,547557,867,51.4285698,66548272
30,France,2016,France2016,76.9,87.77129364,37062.53357,547557,867,42.8571434,66724104
30,France,2017,France2017,78.6,87.60790253,38781.04949,547557,867,56.1904755,66918020
30,France,2018,France2018,78.4,87.81354523,41557.85486,547557,867,48.1132088,67158348
30,France,2019,France2019,77.9,87.85866547,40494.89829,547557,867,57.07547,67388001
30,France,2020,France2020,78,86.87905884,39179.74426,547557,867,56.1320763,67571107
30,France,2021,France2021,78.3,87.18901062,43671.30841,547557,867,56.603775,67764304
31,Germany,2012,Germany2012,73.4,87.35490417,43855.85447,348540,700,71.0900497,80425823
31,Germany,2013,Germany2013,74.8,87.33681488,46298.92292,348880,700,76.3033142,80645605
31,Germany,2014,Germany2014,76.2,87.77603912,48023.86998,348900,700,78.0952377,80982500
31,Germany,2015,Germany2015,77,87.80173492,41103.25644,348860,700,68.0952377,81686611
31,Germany,2016,Germany2016,78.5,88.34989166,42136.12079,349360,700,68.5714264,82348669
31,Germany,2017,Germany2017,79.1,88.85281372,44652.58917,349370,700,65.2380981,82657002
31,Germany,2018,Germany2018,78.2,88.8367691,47939.27829,349380,700,64.6226425,82905782
31,Germany,2019,Germany2019,78.5,88.85762787,46805.13843,349390,700,65.0943375,83092962
31,Germany,2020,Germany2020,78.3,88.3441925,46749.47623,349390,700,67.92453,83160871
31,Germany,2021,Germany2021,77.3,88.96624756,51426.75037,349390,700,69.8113174,83196078
32,Ghana,2012,Ghana2012,50.5,58.37189484,1536.619635,227540,1187,50.7108994,26858762
32,Ghana,2013,Ghana2013,53.1,55.85627747,2282.407501,227540,1187,47.8672981,27525597
32,Ghana,2014,Ghana2014,52.7,57.01462555,1942.921869,227540,1187,41.4285698,28196358
32,Ghana,2015,Ghana2015,53.8,59.12647247,1711.271317,227540,1187,44.2857132,28870939
32,Ghana,2016,Ghana2016,54.3,59.73714828,1900.397674,227540,1187,40.9523811,29554303
32,Ghana,2017,Ghana2017,54,60.68862915,1998.722666,227540,1187,50,30222262
32,Ghana,2018,Ghana2018,56.5,60.67962265,2180.029684,227540,1187,45.28302,30870641
32,Ghana,2019,Ghana2019,55.4,60.45925522,2167.92544,227540,1187,52.8301888,31522290
32,Ghana,2020,Ghana2020,56.6,61.01869583,2176.576218,227533,1187,52.8301888,32180401
32,Ghana,2021,Ghana2021,54.2,60.27115631,2422.085913,227533,1187,50,32833031
33,Greece,2012,Greece2012,67.5,79.6727066,21912.99829,128900,652,39.3364944,11045011
33,Greece,2013,Greece2013,70.9,80.10848236,21787.78776,128900,652,40.284359,10965211
33,Greece,2014,Greece2014,72.7,81.32632446,21616.71001,128900,652,40.4761887,10892413
33,Greece,2015,Greece2015,75.5,80.86801147,18083.87791,128900,652,38.0952377,10820883
33,Greece,2016,Greece2016,75.3,80.93431854,17923.96681,128900,652,41.4285698,10775971
33,Greece,2017,Greece2017,76.4,81.93367767,18582.08934,128900,652,41.4285698,10754679
33,Greece,2018,Greece2018,76.4,82.5187149,19756.99046,128900,652,53.3018875,10732882
33,Greece,2019,Greece2019,75.7,83.53433228,19143.88762,128900,652,54.2452812,10721582
33,Greece,2020,Greece2020,75.6,82.95115662,17617.29151,128900,652,51.4150925,10698599
33,Greece,2021,Greece2021,72.5,83.67692566,20310.68248,128900,652,50.9433975,10569207
34,Guatemala,2012,Guatemala2012,56.2,61.72838211,3355.034777,107160,1996,25.1184826,14781942
34,Guatemala,2013,Guatemala2013,58.5,62.16354752,3522.767429,107160,1996,23.696682,15043981
34,Guatemala,2014,Guatemala2014,59.8,61.97911072,3779.626205,107160,1996,23.8095245,15306316
34,Guatemala,2015,Guatemala2015,61,62.00773621,3994.629085,107160,1996,22.8571434,15567419
34,Guatemala,2016,Guatemala2016,62.9,61.79337692,4173.281349,107160,1996,25.2380943,15827690
34,Guatemala,2017,Guatemala2017,62.5,61.64648438,4454.024509,107160,1996,23.333334,16087418
34,Guatemala,2018,Guatemala2018,62,61.77280807,4485.752135,107160,1996,27.8301888,16346950
34,Guatemala,2019,Guatemala2019,59.7,61.75112915,4647.807541,107160,1996,24.0566044,16604026
34,Guatemala,2020,Guatemala2020,61.3,61.20429993,4609.897258,107160,1996,33.0188675,16858333
34,Guatemala,2021,Guatemala2021,59.1,62.04221725,5029.477555,107160,1996,32.5471687,17109746
35,Guinea,2012,Guinea2012,35.8,44.71350861,707.9676782,245720,1651,11.3744078,10788692
35,Guinea,2013,Guinea2013,38.6,44.75921631,757.6922726,245720,1651,11.848341,11055430
35,Guinea,2014,Guinea2014,43.7,44.21940231,774.5690396,245720,1651,14.2857141,11333365
35,Guinea,2015,Guinea2015,45.3,43.87257004,756.4255898,245720,1651,32.8571434,11625998
35,Guinea,2016,Guinea2016,42.7,47.67553711,720.4732552,245720,1651,31.4285717,11930985
35,Guinea,2017,Guinea2017,43.7,48.03276443,843.4642792,245720,1651,21.4285717,12240789
35,Guinea,2018,Guinea2018,44.1,48.80826569,944.4172687,245720,1651,16.5094337,12554864
35,Guinea,2019,Guinea2019,44.5,48.09187698,1043.899886,245720,1651,18.3962269,12877539
35,Guinea,2020,Guinea2020,45.4,51.19496536,1073.659339,245720,1651,22.1698112,13205153
35,Guinea,2021,Guinea2021,46.4,49.10614777,1189.175999,245720,1651,17.4528294,13531906
36,Haiti,2012,Haiti2012,43.9,41.75831223,1356.172777,27560,1440,21.3270149,10108539
36,Haiti,2013,Haiti2013,46,41.91333771,1452.313548,27560,1440,25.1184826,10261206
36,Haiti,2014,Haiti2014,46.5,42.28843307,1454.649175,27560,1440,24.2857151,10412740
36,Haiti,2015,Haiti2015,48.5,42.52342606,1405.714786,27560,1440,22.3809528,10563757
36,Haiti,2016,Haiti2016,45.4,41.86117935,1313.186095,27560,1440,20.9523811,10713849
36,Haiti,2017,Haiti2017,42.4,41.96596909,1389.358623,27560,1440,22.3809528,10863543
36,Haiti,2018,Haiti2018,41.7,41.28432846,1489.578406,27560,1440,24.0566044,11012421
36,Haiti,2019,Haiti2019,37.9,41.31056595,1345.475055,27560,1440,16.9811325,11160438
36,Haiti,2020,Haiti2020,36.2,41.29373169,1283.141228,27560,1440,14.1509438,11306801
36,Haiti,2021,Haiti2021,38.5,40.45957184,1823.742224,27560,1440,12.2641506,11447569
37,Honduras,2012,Honduras2012,54.1,59.19843292,2107.345428,111890,1976,36.4928894,8792367
37,Honduras,2013,Honduras2013,56.9,59.64636993,2064.550536,111890,1976,31.7535553,8960657
37,Honduras,2014,Honduras2014,56.9,60.41597748,2164.42455,111890,1976,28.0952377,9127846
37,Honduras,2015,Honduras2015,58.4,60.96850586,2257.225284,111890,1976,29.0476189,9294505
37,Honduras,2016,Honduras2016,58.8,60.27771378,2295.53627,111890,1976,30.4761906,9460798
37,Honduras,2017,Honduras2017,59.8,60.30939865,2403.306088,111890,1976,27.1428566,9626842
37,Honduras,2018,Honduras2018,61.8,60.26468658,2457.686042,111890,1976,28.3018875,9792850
37,Honduras,2019,Honduras2019,62.1,60.36140442,2519.366185,111890,1976,24.5283012,9958829
37,Honduras,2020,Honduras2020,61.7,58.6796875,2354.121434,111890,1976,29.7169819,10121763
37,Honduras,2021,Honduras2021,62.3,60.31959152,2771.722654,111890,1976,24.0566044,10278345
38,Hungary,2012,Hungary2012,66.1,84.18416595,12984.83657,90530,589,68.7203827,9920362
38,Hungary,2013,Hungary2013,66.1,84.17474365,13715.07036,90530,589,70.6161118,9893082
38,Hungary,2014,Hungary2014,68.5,85.13457489,14294.25842,91260,589,68.5714264,9866468
38,Hungary,2015,Hungary2015,71.4,84.07183838,12717.0386,91260,589,69.5238113,9843028
38,Hungary,2016,Hungary2016,72.6,84.26457214,13104.69955,91260,589,66.1904755,9814023
38,Hungary,2017,Hungary2017,72.7,84.42877197,14621.2396,91260,589,74.2857132,9787966
38,Hungary,2018,Hungary2018,71.1,83.84968567,16425.20503,91260,589,70.754715,9775564
38,Hungary,2019,Hungary2019,71,83.31214142,16786.21364,91260,589,71.6981125,9771141
38,Hungary,2020,Hungary2020,71.1,83.17149353,16125.60941,91260,589,74.0566025,9750149
38,Hungary,2021,Hungary2021,68.5,83.45432281,18753.04695,91260,589,73.113205,9709891
39,India,2012,India2012,53.8,61.75806046,1434.017987,2973190,1083,10.9004736,1274487215
39,India,2013,India2013,54,61.62101364,1438.057005,2973190,1083,12.3222752,1291132063
39,India,2014,India2014,53.4,61.46297836,1559.863779,2973190,1083,13.8095236,1307246509
39,India,2015,India2015,56.3,60.62445068,1590.174331,2973190,1083,17.1428566,1322866505
39,India,2016,India2016,59.3,60.55758667,1714.279537,2973190,1083,14.7619047,1338636340
39,India,2017,India2017,60.8,61.2506485,1957.969813,2973190,1083,18.5714283,1354195680
39,India,2018,India2018,61.8,62.65246964,1974.377731,2973190,1083,13.679245,1369003306
39,India,2019,India2019,61.1,62.34486008,2050.1638,2973190,1083,19.3396225,1383112050
39,India,2020,India2020,60.1,62.35359955,1913.219733,2973190,1083,18.3962269,1396387127
39,India,2021,India2021,58.4,62.50060272,2238.127142,2973190,1083,22.64151,1407563842
40,Indonesia,2012,Indonesia2012,55.4,62.86706161,3668.212083,1877519,2702,25.5924168,250222695
40,Indonesia,2013,Indonesia2013,57.6,63.11574554,3602.885517,1877519,2702,28.4360199,253275918
40,Indonesia,2014,Indonesia2014,56.9,64.44023895,3476.624854,1877519,2702,30,256229761
40,Indonesia,2015,Indonesia2015,57.9,63.31541061,3322.581679,1877519,2702,24.2857151,259091970
40,Indonesia,2016,Indonesia2016,58.5,63.13824463,3558.818852,1877519,2702,32.3809509,261850182
40,Indonesia,2017,Indonesia2017,60,63.01167679,3839.785075,1877519,2702,28.0952377,264498852
40,Indonesia,2018,Indonesia2018,63.6,63.76158142,3902.661676,1877519,2702,26.4150944,267066843
40,Indonesia,2019,Indonesia2019,61.5,63.14786148,4151.227554,1877519,2702,26.8867931,269582878
40,Indonesia,2020,Indonesia2020,61.6,62.61293411,3895.618152,1877519,2702,28.3018875,271857970
40,Indonesia,2021,Indonesia2021,59.8,62.37805557,4334.215983,1892555.47,2702,27.35849,273753191
41,Ireland,2012,Ireland2012,76.9,85.43881989,48943.82065,68890,1118,77.7251205,4599533
41,Ireland,2013,Ireland2013,78,85.30452728,51496.96169,68890,1118,75.3554535,4623816
41,Ireland,2014,Ireland2014,78.2,85.66261292,55752.76498,68890,1118,87.1428604,4657740
41,Ireland,2015,Ireland2015,78.5,85.41410828,62179.26427,68890,1118,77.6190491,4701957
41,Ireland,2016,Ireland2016,80.7,85.76996613,62784.06569,68890,1118,73.3333359,4755335
41,Ireland,2017,Ireland2017,81.6,85.81407928,70150.73702,68890,1118,84.2857132,4807388
41,Ireland,2018,Ireland2018,82.4,85.66353607,79446.93911,68890,1118,85.3773575,4867316
41,Ireland,2019,Ireland2019,82.7,85.87442017,80848.3019,68890,1118,80.6603775,4934340
41,Ireland,2020,Ireland2020,82.4,85.87096405,85973.08849,68890,1118,80.1886826,4985382
41,Ireland,2021,Ireland2021,81.6,85.40690613,102001.7982,68890,1118,75.9433975,5033164
42,Israel,2012,Israel2012,67,76.10430908,33156.22832,21640,435,16.1137447,7910500
42,Israel,2013,Israel2013,68.1,75.91667938,36941.84236,21640,435,15.1658764,8059500
42,Israel,2014,Israel2014,68.6,75.70425415,38259.6811,21640,435,12.8571424,8215700
42,Israel,2015,Israel2015,71,76.46936035,36206.52222,21640,435,11.4285717,8380100
42,Israel,2016,Israel2016,71.6,76.75245667,37690.47395,21640,435,19.0476189,8546000
42,Israel,2017,Israel2017,71.9,76.36488342,41114.78171,21640,435,16.666666,8713300
42,Israel,2018,Israel2018,74.1,76.70055389,42406.84543,21640,435,15.0943394,8882800
42,Israel,2019,Israel2019,73.5,76.62914276,44452.23256,21640,435,18.8679237,9054000
42,Israel,2020,Israel2020,72.9,76.0583725,44846.7916,21640,435,16.5094337,9215100
42,Israel,2021,Israel2021,73.1,76.45039368,52129.51596,21640,435,13.2075472,9371400
43,Italy,2012,Italy2012,71.5,81.78575134,35051.52127,295718,832,63.0331764,59539717
43,Italy,2013,Italy2013,70.3,81.80580902,35560.08141,295718,832,63.981041,60233948
43,Italy,2014,Italy2014,74.2,82.35946655,35565.72138,295718,832,60.4761887,60789140
43,Italy,2015,Italy2015,74.5,82.68922424,30242.38614,295718,832,58.5714302,60730582
43,Italy,2016,Italy2016,74.2,82.92280579,30960.73151,295718,832,58.5714302,60627498
43,Italy,2017,Italy2017,74.8,83.143013,32406.72032,295718,832,57.6190491,60536709
43,Italy,2018,Italy2018,74.2,83.01657104,34622.16967,295718,832,57.07547,60421760
43,Italy,2019,Italy2019,74.6,83.0296936,33673.75096,295717,832,58.962265,59729081
43,Italy,2020,Italy2020,75.1,82.84740448,31922.91916,295717,832,58.0188675,59438851
43,Italy,2021,Italy2021,74.1,83.03466034,36449.25834,295717,832,63.679245,59133173
44,Japan,2012,Japan2012,75.4,74.6186676,49145.28043,364500,1668,78.1990509,127629000
44,Japan,2013,Japan2013,77.6,75.41469574,40898.6479,364500,1668,82.938385,127445000
44,Japan,2014,Japan2014,77.3,75.87076569,38475.39525,364500,1668,80,127276000
44,Japan,2015,Japan2015,77.2,77.74914551,34960.63938,364500,1668,87.6190491,127141000
44,Japan,2016,Japan2016,77.8,77.79515839,39375.47316,364500,1668,81.4285736,127076000
44,Japan,2017,Japan2017,78.5,78.10308075,38834.05293,364500,1668,87.6190491,126972000
44,Japan,2018,Japan2018,79.8,77.99453735,39751.1331,364500,1668,87.2641525,126811000
44,Japan,2019,Japan2019,79.7,75.67520142,40415.95676,364500,1668,83.4905624,126633000
44,Japan,2020,Japan2020,80.1,75.07649231,40040.76551,364500,1668,85.3773575,126261000
44,Japan,2021,Japan2021,79.5,75.37091064,40058.53733,364500,1668,84.9056625,125681593
45,Jordan,2012,Jordan2012,63.3,73.06335449,4386.461819,88780,111,29.3838863,7211863
45,Jordan,2013,Jordan2013,63.7,73.24147797,4477.618321,88780,111,26.0663509,7694814
45,Jordan,2014,Jordan2014,60.3,74.47824097,4255.894302,88780,111,27.6190472,8658026
45,Jordan,2015,Jordan2015,66.5,72.75917816,4064.25301,88780,111,25.7142849,9494246
45,Jordan,2016,Jordan2016,65.8,73.29013062,4003.404746,88780,111,27.1428566,9964656
45,Jordan,2017,Jordan2017,65.9,72.98188019,4073.116403,88780,111,30,10215381
45,Jordan,2018,Jordan2018,65.3,72.97911072,4146.407311,88780,111,32.5471687,10459865
45,Jordan,2019,Jordan2019,64.1,73.42697144,4159.653754,88794,111,36.7924538,10698683
45,Jordan,2020,Jordan2020,65.3,71.61170197,3998.673138,88794,111,37.7358475,10928721
45,Jordan,2021,Jordan2021,65.6,72.59072876,4152.757954,88794,111,35.3773575,11148278
46,Kazakhstan,2012,Kazakhstan2012,62.7,60.37041855,12386.69927,2699700,250,34.1232224,16792090
46,Kazakhstan,2013,Kazakhstan2013,61.7,56.75359344,13890.63397,2699700,250,34.5971565,17035551
46,Kazakhstan,2014,Kazakhstan2014,64.4,60.31060028,12807.26305,2699700,250,47.6190491,17288285
46,Kazakhstan,2015,Kazakhstan2015,64.2,60.85505295,10510.77032,2699700,250,43.8095245,17542806
46,Kazakhstan,2016,Kazakhstan2016,66.1,63.21913528,7714.841844,2699700,250,47.6190491,17794055
46,Kazakhstan,2017,Kazakhstan2017,66,63.43644714,9247.580679,2699700,250,47.1428566,18037776
46,Kazakhstan,2018,Kazakhstan2018,68.2,63.89306259,9812.625431,2699700,250,44.8113213,18276452
46,Kazakhstan,2019,Kazakhstan2019,71.2,64.88634491,9812.595526,2699700,250,41.5094337,18513673
46,Kazakhstan,2020,Kazakhstan2020,71.6,64.47387695,9121.636409,2699700,250,38.2075462,18755666
46,Kazakhstan,2021,Kazakhstan2021,70.7,63.74714661,10373.78979,2699700,250,38.2075462,19000988
47,Kenya,2012,Kenya2012,43,55.02975464,1289.780791,569140,630,10.4265404,43725806
47,Kenya,2013,Kenya2013,47.6,54.73851395,1376.829205,569140,630,13.7440758,44792368
47,Kenya,2014,Kenya2014,49.6,55.73675156,1489.919721,569140,630,9.04761887,45831863
47,Kenya,2015,Kenya2015,49.7,55.10194778,1496.653573,569140,630,9.52380943,46851488
47,Kenya,2016,Kenya2016,49.1,55.20546722,1562.076619,569140,630,10,47894670
47,Kenya,2017,Kenya2017,51.2,55.15998077,1675.988422,569140,630,11.9047623,48948137
47,Kenya,2018,Kenya2018,50.7,54.91161728,1845.783414,569140,630,12.2641506,49953304
47,Kenya,2019,Kenya2019,53.4,54.5837822,1970.08007,569140,630,12.7358494,50951450
47,Kenya,2020,Kenya2020,51.9,54.19287872,1936.250755,569140,630,14.6226416,51985780
47,Kenya,2021,Kenya2021,52.6,55.53296661,2069.661129,569140,630,15.0943394,53005614
48,Kuwait,2012,Kuwait2012,65.7,69.15847015,51271.06776,17820,121,53.0805702,3394663
48,Kuwait,2013,Kuwait2013,66.7,69.51638031,47762.7967,17820,121,52.606636,3646518
48,Kuwait,2014,Kuwait2014,67.2,69.67095184,43239.83518,17820,121,51.4285698,3761584
48,Kuwait,2015,Kuwait2015,64.5,70.33679962,29315.19851,17820,121,39.5238113,3908743
48,Kuwait,2016,Kuwait2016,63.1,70.7556076,27026.68766,17820,121,45.2380943,4048085
48,Kuwait,2017,Kuwait2017,64.7,71.13108826,29258.26633,17820,121,44.7619057,4124904
48,Kuwait,2018,Kuwait2018,68,72.01570892,32012.18752,17820,121,51.8867912,4317185
48,Kuwait,2019,Kuwait2019,68.7,70.04553986,30666.23713,17820,121,54.71698,4441100
48,Kuwait,2020,Kuwait2020,68.4,69.80981445,24297.7108,17820,121,54.2452812,4360444
48,Kuwait,2021,Kuwait2021,68,69.05253601,32324.8409,17820,121,54.2452812,4250114
49,Madagascar,2012,Madagascar2012,39.4,47.6457901,504.1737377,581795,1513,28.9099522,22966240
49,Madagascar,2013,Madagascar2013,40.4,48.04280472,526.6880196,581800,1513,24.6445503,23588073
49,Madagascar,2014,Madagascar2014,40,48.15793991,517.1361831,581800,1513,26.666666,24215976
49,Madagascar,2015,Madagascar2015,40.2,48.1770134,455.6380346,581800,1513,30.4761906,24850912
49,Madagascar,2016,Madagascar2016,39.5,47.64809036,464.6161584,581800,1513,35.2380943,25501941
49,Madagascar,2017,Madagascar2017,39.1,47.62403488,503.4980587,581800,1513,33.8095245,26169542
49,Madagascar,2018,Madagascar2018,38.4,48.37709808,512.5439915,581800,1513,25.9433956,26846541
49,Madagascar,2019,Madagascar2019,37.6,48.32949448,512.2796656,581800,1513,33.962265,27533134
49,Madagascar,2020,Madagascar2020,41.8,46.49911118,462.4042288,581800,1513,26.4150944,28225177
49,Madagascar,2021,Madagascar2021,43.3,46.38686371,503.3520812,581800,1513,26.8867931,28915653
50,Malawi,2012,Malawi2012,45.5,43.03533173,563.0615397,94280,1181,44.5497627,15581251
50,Malawi,2013,Malawi2013,39.6,45.23749924,501.197173,94280,1181,38.8625603,16024775
50,Malawi,2014,Malawi2014,39.4,46.01127625,534.1269771,94280,1181,50,16477966
50,Malawi,2015,Malawi2015,41.4,45.53187943,544.2768727,94280,1181,48.0952377,16938942
50,Malawi,2016,Malawi2016,40.3,46.11593246,454.4432661,94280,1181,41.9047623,17405624
50,Malawi,2017,Malawi2017,39.7,47.40491486,500.1655472,94280,1181,37.1428566,17881167
50,Malawi,2018,Malawi2018,44.7,47.4179039,537.9322041,94280,1181,30.6603775,18367883
50,Malawi,2019,Malawi2019,46.6,47.77824402,584.3628673,94280,1181,35.8490562,18867337
50,Malawi,2020,Malawi2020,46.2,47.41814804,622.1845913,94280,1181,43.8679237,19377061
50,Malawi,2021,Malawi2021,45.3,47.90995026,633.6097332,94280,1181,43.8679237,19889742
51,Malaysia,2012,Malaysia2012,64.2,79.26358795,10601.51046,328550,2875,44.0758286,29660212
51,Malaysia,2013,Malaysia2013,65.2,79.54060364,10727.66902,328550,2875,47.393364,30134807
51,Malaysia,2014,Malaysia2014,67,80.87208557,11045.58012,328550,2875,57.6190491,30606459
51,Malaysia,2015,Malaysia2015,68.1,80.59624481,9699.600463,328550,2875,56.6666679,31068833
51,Malaysia,2016,Malaysia2016,66.3,80.70465851,9555.669593,328550,2875,49.5238113,31526418
51,Malaysia,2017,Malaysia2017,66.8,81.05921173,9979.704473,328550,2875,51.4285698,31975806
51,Malaysia,2018,Malaysia2018,67.2,80.84348297,11073.97897,328550,2875,55.1886787,32399271
51,Malaysia,2019,Malaysia2019,68.6,80.95225525,11132.10274,328550,2875,53.7735863,32804020
51,Malaysia,2020,Malaysia2020,67.9,80.29573822,10164.34443,328550,2875,51.8867912,33199993
51,Malaysia,2021,Malaysia2021,71.5,80.47762299,11134.62295,328550,2875,49.0566025,33573874
52,Mali,2012,Mali2012,44.5,47.46426392,753.3921375,1220190,282,3.7914691,16514687
52,Mali,2013,Mali2013,45.6,49.01660156,778.7970528,1220190,282,6.16113758,17004033
52,Mali,2014,Mali2014,47.5,48.77379608,818.4303414,1220190,282,6.66666651,17551814
52,Mali,2015,Mali2015,48.2,48.89881897,723.5042049,1220190,282,7.61904764,18112907
52,Mali,2016,Mali2016,45.2,48.43904877,750.0518091,1220190,282,8.5714283,18700106
52,Mali,2017,Mali2017,47.9,48.54585648,795.6828016,1220190,282,6.19047642,19311355
52,Mali,2018,Mali2018,49.7,48.61772156,856.3565966,1220190,282,4.71698093,19934298
52,Mali,2019,Mali2019,50.1,49.22838593,840.1757464,1220190,282,3.77358484,20567424
52,Mali,2020,Mali2020,50.8,49.13573456,822.9061368,1220190,282,3.77358484,21224040
52,Mali,2021,Mali2021,52,49.75581741,881.5100887,1220190,282,2.35849047,21904983
53,Mexico,2012,Mexico2012,61.8,66.19313812,10842.73309,1943950,758,24.6445503,115755909
53,Mexico,2013,Mexico2013,61.4,66.51206207,11317.49106,1943950,758,23.2227497,117290686
53,Mexico,2014,Mexico2014,64.6,67.31570435,11490.02169,1943950,758,17.6190472,118755887
53,Mexico,2015,Mexico2015,63.4,70.93156433,10098.17318,1943950,758,21.4285717,120149897
53,Mexico,2016,Mexico2016,65.4,70.96161652,9152.737223,1943950,758,23.8095245,121519221
53,Mexico,2017,Mexico2017,68.2,71.78027344,9693.330091,1943950,758,17.6190472,122839258
53,Mexico,2018,Mexico2018,65.6,71.62713623,10130.3207,1943950,758,22.64151,124013861
53,Mexico,2019,Mexico2019,68.8,71.92645264,10434.57837,1943950,758,17.9245281,125085311
53,Mexico,2020,Mexico2020,70.4,71.83295441,8894.89065,1943950,758,19.3396225,125998302
53,Mexico,2021,Mexico2021,70.9,72.9600296,10359.14986,1943950,758,23.1132069,126705138
54,Morocco,2012,Morocco2012,53.9,66.93779755,3164.004639,446300,346,32.7014236,33352169
54,Morocco,2013,Morocco2013,54.8,66.64835358,3377.643555,446300,346,28.9099522,33803527
54,Morocco,2014,Morocco2014,56,66.24076843,3430.534424,446300,346,29.5238094,34248603
54,Morocco,2015,Morocco2015,59.2,67.69987488,3139.228271,446300,346,33.8095245,34680458
54,Morocco,2016,Morocco2016,58.2,68.92397308,3132.952148,446300,346,34.2857132,35107264
54,Morocco,2017,Morocco2017,57.9,69.50567627,3288.502686,446300,346,30.9523811,35528115
54,Morocco,2018,Morocco2018,63.5,69.62567902,3492.672607,446300,346,33.962265,35927511
54,Morocco,2019,Morocco2019,61.4,69.77843475,3498.582764,446300,346,32.5471687,36304408
54,Morocco,2020,Morocco2020,64.9,69.40736389,3258.269043,446300,346,33.962265,36688772
54,Morocco,2021,Morocco2021,64.3,69.04081726,3767.524902,446300,346,31.6037731,37076584
55,Mozambique,2012,Mozambique2012,43.8,52.20471191,681.4921286,786380,1032,59.2417068,24487611
55,Mozambique,2013,Mozambique2013,48.7,52.6617012,681.0651142,786380,1032,38.3886261,25251731
55,Mozambique,2014,Mozambique2014,48.4,52.41407013,690.4432181,786380,1032,32.3809509,26038704
55,Mozambique,2015,Mozambique2015,49.2,49.54276657,603.8385138,786380,1032,27.6190472,26843246
55,Mozambique,2016,Mozambique2016,46.5,52.64910507,435.760991,786380,1032,12.8571424,27696493
55,Mozambique,2017,Mozambique2017,42,53.65620422,464.2947213,786380,1032,16.1904755,28569441
55,Mozambique,2018,Mozambique2018,44.3,51.47814941,510.3799965,786380,1032,18.3962269,29423878
55,Mozambique,2019,Mozambique2019,49.9,51.75222015,512.2157638,786380,1032,19.8113213,30285595
55,Mozambique,2020,Mozambique2020,48,51.27391052,456.581929,786380,1032,10.8490562,31178239
55,Mozambique,2021,Mozambique2021,45.3,51.36378479,504.0377871,786380,1032,10.8490562,32077072
56,Myanmar,2012,Myanmar2012,49.4,34.69424438,1193.547649,653150,2091,18.4834118,50218185
56,Myanmar,2013,Myanmar2013,50.3,36.83272171,1189.964765,653080,2091,14.2180099,50648334
56,Myanmar,2014,Myanmar2014,52.7,38.74591827,1281.438718,653080,2091,11.4285717,51072436
56,Myanmar,2015,Myanmar2015,51.8,42.01033401,1159.340201,653080,2091,10.4761906,51483949
56,Myanmar,2016,Myanmar2016,53,42.66994095,1218.217034,652780,2091,18.5714283,51892349
56,Myanmar,2017,Myanmar2017,54,43.54148483,1263.285263,652750,2091,13.333333,52288341
56,Myanmar,2018,Myanmar2018,57.2,44.32854843,1288.418087,652700,2091,11.320755,52666014
56,Myanmar,2019,Myanmar2019,56.2,45.1161232,1415.379676,652700,2091,10.8490562,53040212
56,Myanmar,2020,Myanmar2020,54.7,44.8002739,1479.613689,652670,2091,10.3773584,53423198
56,Myanmar,2021,Myanmar2021,58.3,44.8856163,1231.694666,652670,2091,4.71698093,53798084
57,Nepal,2012,Nepal2012,45.8,43.22459793,794.0925594,143350,1500,8.53080559,27330694
57,Nepal,2013,Nepal2013,47.9,44.08732224,809.3844577,143350,1500,14.6919432,27381555
57,Nepal,2014,Nepal2014,50.3,45.26477051,827.7447049,143350,1500,21.4285717,27462106
57,Nepal,2015,Nepal2015,51.5,45.25765991,882.3076634,143350,1500,14.2857141,27610325
57,Nepal,2016,Nepal2016,52.4,46.68250275,880.2248936,143350,1500,17.1428566,27861186
57,Nepal,2017,Nepal2017,54.1,46.94871902,1027.965474,143350,1500,25.7142849,28183426
57,Nepal,2018,Nepal2018,56.8,47.59113312,1161.53435,143350,1500,26.8867931,28506712
57,Nepal,2019,Nepal2019,56.5,47.07162094,1185.682318,143350,1500,28.3018875,28832496
57,Nepal,2020,Nepal2020,56,46.0635376,1139.189892,143350,1500,41.5094337,29348627
57,Nepal,2021,Nepal2021,55.1,46.4591217,1229.394205,143350,1500,41.037735,30034989
58,New Zealand,2012,New Zealand2012,72.6,75.96836853,39973.38076,263310,1732,96.6824646,4408100
58,New Zealand,2013,New Zealand2013,74.2,75.39311218,42976.64959,263310,1732,98.5782013,4442100
58,New Zealand,2014,New Zealand2014,76.2,76.18313599,44572.89875,263310,1732,99.5238113,4516500
58,New Zealand,2015,New Zealand2015,75.7,75.90587616,38630.72659,263310,1732,99.0476227,4609400
58,New Zealand,2016,New Zealand2016,77.2,76.18358612,40058.19616,263310,1732,99.5238113,4714100
58,New Zealand,2017,New Zealand2017,78,76.41542816,42910.97284,263310,1732,98.5714264,4813600
58,New Zealand,2018,New Zealand2018,77,76.54360199,43236.88669,263310,1732,99.0566025,4900600
58,New Zealand,2019,New Zealand2019,77.6,76.2574234,42796.43058,263310,1732,97.1698151,4979200
58,New Zealand,2020,New Zealand2020,77.9,75.08563232,41760.59478,263310,1732,98.113205,5090200
58,New Zealand,2021,New Zealand2021,77.4,74.80757904,49996.42067,263310,1732,96.6981125,5111400
59,Nicaragua,2012,Nicaragua2012,50.3,58.81516647,1746.421254,120340,2280,36.9668236,6030607
59,Nicaragua,2013,Nicaragua2013,52.6,59.6472168,1794.789188,120340,2280,37.9146919,6119379
59,Nicaragua,2014,Nicaragua2014,52.8,57.97515106,1913.521348,120340,2280,43.3333321,6208676
59,Nicaragua,2015,Nicaragua2015,53.9,59.35969543,2025.321432,120340,2280,42.8571434,6298598
59,Nicaragua,2016,Nicaragua2016,54.4,59.82588577,2079.451027,120340,2280,43.8095245,6389235
59,Nicaragua,2017,Nicaragua2017,56.3,60.30632019,2127.282818,120340,2280,44.2857132,6480532
59,Nicaragua,2018,Nicaragua2018,56.8,60.26955032,1981.858367,120340,2280,14.6226416,6572233
59,Nicaragua,2019,Nicaragua2019,55.7,60.14574051,1905.638328,120340,2280,14.1509438,6663924
59,Nicaragua,2020,Nicaragua2020,57.6,59.56818771,1876.607378,120340,2280,25.4716988,6755895
59,Nicaragua,2021,Nicaragua2021,57.6,59.90732956,2064.929246,120340,2280,29.2452831,6850540
60,Niger,2012,Niger2012,42.1,41.38284683,525.0472849,1266700,151,14.6919432,17954407
60,Niger,2013,Niger2013,43.7,41.76188278,548.1578488,1266700,151,9.47867298,18653199
60,Niger,2014,Niger2014,43.6,43.83454895,560.7544752,1266700,151,10,19372014
60,Niger,2015,Niger2015,48,44.08488846,481.1113011,1266700,151,13.333333,20128124
60,Niger,2016,Niger2016,50.6,44.21764755,497.0361208,1266700,151,11.9047623,20921743
60,Niger,2017,Niger2017,50.5,45.07385635,514.543398,1266700,151,10,21737922
60,Niger,2018,Niger2018,50.8,45.40529251,568.5996597,1266700,151,8.96226406,22577058
60,Niger,2019,Niger2019,51.3,45.40970612,549.8161278,1266700,151,9.43396187,23443393
60,Niger,2020,Niger2020,51.3,45.8249588,564.8416623,1266700,151,7.07547188,24333639
60,Niger,2021,Niger2021,49.7,45.26614761,590.6294948,1266700,151,8.49056625,25252722
61,Nigeria,2012,Nigeria2012,42.9,57.00399399,2728.022788,910770,1150,3.31753564,170075932
61,Nigeria,2013,Nigeria2013,44.1,56.50959396,2976.756832,910770,1150,3.7914691,174726123
61,Nigeria,2014,Nigeria2014,44.7,55.36775208,3200.952799,910770,1150,5.23809528,179379016
61,Nigeria,2015,Nigeria2015,45.4,55.14481354,2679.554223,910770,1150,6.19047642,183995785
61,Nigeria,2016,Nigeria2016,47.7,54.2407608,2144.780344,910770,1150,6.19047642,188666931
61,Nigeria,2017,Nigeria2017,46.7,55.22652435,1941.879479,910770,1150,4.76190472,193495907
61,Nigeria,2018,Nigeria2018,44.7,55.74702072,2125.834491,910770,1150,4.24528313,198387623
61,Nigeria,2019,Nigeria2019,47.4,56.0540123,2334.023643,910770,1150,4.71698093,203304492
61,Nigeria,2020,Nigeria2020,45.8,54.92935944,2074.613747,910770,1150,4.71698093,208327405
61,Nigeria,2021,Nigeria2021,46.8,55.0316391,2065.77441,910770,1150,6.13207531,213401323
62,Norway,2012,Norway2012,80.9,84.79244995,102175.9193,365244,1414,95.2606659,5018573
62,Norway,2013,Norway2013,81.5,84.6342926,103553.8401,365122.96,1414,95.7345963,5079623
62,Norway,2014,Norway2014,81.9,84.49897003,97666.69518,365108,1414,89.5238113,5137232
62,Norway,2015,Norway2015,82,85.68517303,74809.9658,365190.7,1414,90.4761887,5188607
62,Norway,2016,Norway2016,81.2,85.55125427,70867.361,365145.73,1414,92.3809509,5234519
62,Norway,2017,Norway2017,81.6,85.32675171,76131.8384,365123,1414,89.0476227,5276968
62,Norway,2018,Norway2018,82.3,85.23164368,82792.84271,365108,1414,89.6226425,5311916
62,Norway,2019,Norway2019,81.7,85.38857269,76430.58895,365094,1414,90.0943375,5347896
62,Norway,2020,Norway2020,80.9,84.86820221,68340.0181,364285,1414,94.3396225,5379475
62,Norway,2021,Norway2021,78.4,84.9015274,93072.89251,364270,1414,88.679245,5408320
63,Oman,2012,Oman2012,57.4,61.78528976,24722.63882,309500,125,61.6113739,3535579
63,Oman,2013,Oman2013,59.4,62.02500534,23563.9406,309500,125,62.5592422,3816680
63,Oman,2014,Oman2014,64.6,62.05357742,23121.20638,309500,125,70,4009267
63,Oman,2015,Oman2015,64.4,61.15810776,18777.43306,309500,125,70.9523773,4191776
63,Oman,2016,Oman2016,70.1,61.35580444,17082.2062,309500,125,71.9047623,4398070
63,Oman,2017,Oman2017,71.3,62.22094345,17802.57512,309500,125,71.4285736,4541854
63,Oman,2018,Oman2018,73.3,62.64524841,19887.57431,309500,125,66.5094376,4601157
63,Oman,2019,Oman2019,72.2,63.38595963,19132.15227,309500,125,66.5094376,4602768
63,Oman,2020,Oman2020,72,62.94961548,16707.62301,309500,125,59.9056587,4543399
63,Oman,2021,Oman2021,72.3,63.01809692,19509.46646,309500,125,59.4339638,4520471
64,Pakistan,2012,Pakistan2012,43.5,54.28367996,1236.892763,770880,494,0.94786727,202205861
64,Pakistan,2013,Pakistan2013,45.3,53.89317703,1259.668368,770880,494,0.94786727,205337562
64,Pakistan,2014,Pakistan2014,45.9,53.41712952,1303.18537,770880,494,3.33333325,208251628
64,Pakistan,2015,Pakistan2015,48.6,52.79886246,1421.835278,770880,494,1.42857146,210969298
64,Pakistan,2016,Pakistan2016,51.5,53.07191086,1468.822082,770880,494,1.42857146,213524840
64,Pakistan,2017,Pakistan2017,52.1,53.05599213,1567.640612,770880,494,1.90476191,216379655
64,Pakistan,2018,Pakistan2018,53.4,52.70835495,1620.742591,770880,494,2.83018875,219731479
64,Pakistan,2019,Pakistan2019,54.1,52.91380692,1437.165833,770880,494,3.3018868,223293280
64,Pakistan,2020,Pakistan2020,51.4,53.04825211,1322.314785,770880,494,5.18867922,227196741
64,Pakistan,2021,Pakistan2021,50,53.57157898,1506.108293,770880,494,6.60377359,231402117
65,Panama,2012,Panama2012,61.2,70.15515137,10767.29318,74340,2928,39.8104248,3754862
65,Panama,2013,Panama2013,63.6,69.85016632,11932.28622,74340,2928,41.2322273,3821556
65,Panama,2014,Panama2014,64.8,69.96690369,12837.24796,74120,2928,54.2857132,3888793
65,Panama,2015,Panama2015,65.1,70.17033386,13669.55944,74120,2928,59.0476189,3957099
65,Panama,2016,Panama2016,65.1,70.37325287,14382.23238,74120,2928,59.5238113,4026336
65,Panama,2017,Panama2017,70.4,70.14728546,15185.97248,74120,2928,60,4096063
65,Panama,2018,Panama2018,71.5,70.44696045,16156.07429,74180,2928,55.6603775,4165255
65,Panama,2019,Panama2019,74.5,70.1554718,16472.83175,74180,2928,57.5471687,4232532
65,Panama,2020,Panama2020,74.9,69.30097198,13293.3332,74180,2928,54.71698,4294396
65,Panama,2021,Panama2021,74.2,69.7004776,15491.2898,74180,2928,56.1320763,4351267
66,Paraguay,2012,Paraguay2012,54,61.4388237,5617.104918,397300,1130,19.9052124,5923322
66,Paraguay,2013,Paraguay2013,58.5,61.53525925,6410.814703,397300,1130,22.7488155,6005652
66,Paraguay,2014,Paraguay2014,57.9,60.98073959,6629.416993,397300,1130,42.3809509,6090721
66,Paraguay,2015,Paraguay2015,55.7,63.45634079,5861.401895,397300,1130,48.5714302,6177950
66,Paraguay,2016,Paraguay2016,59.2,62.66440582,5759.042198,397300,1130,50.9523811,6266615
66,Paraguay,2017,Paraguay2017,59.7,62.77080917,6136.058301,397300,1130,46.1904755,6355404
66,Paraguay,2018,Paraguay2018,60.6,62.48088455,6242.961454,397300,1130,44.3396225,6443328
66,Paraguay,2019,Paraguay2019,62,62.39927292,5807.838794,397300,1130,46.2264137,6530026
66,Paraguay,2020,Paraguay2020,65.9,62.00113297,5353.348065,397300,1130,48.1132088,6618695
66,Paraguay,2021,Paraguay2021,64.6,62.61515427,5959.441794,397300,1130,47.1698112,6703799
67,Peru,2012,Peru2012,63.1,69.33015442,6475.720443,1280000,1738,19.4312801,29749589
67,Peru,2013,Peru2013,67,68.73973846,6697.187747,1280000,1738,20.3791466,30038809
67,Peru,2014,Peru2014,68.6,69.38234711,6614.83082,1280000,1738,27.1428566,30353951
67,Peru,2015,Peru2015,71.3,68.75393677,6180.119268,1280000,1738,32.3809509,30711863
67,Peru,2016,Peru2016,71.2,68.83100128,6163.860425,1280000,1738,38.0952377,31132779
67,Peru,2017,Peru2017,72.2,68.86579895,6676.308793,1280000,1738,36.1904755,31605486
67,Peru,2018,Peru2018,71.9,68.86362457,6912.103988,1280000,1738,37.2641525,32203944
67,Peru,2019,Peru2019,74.7,68.81118011,6955.880824,1280000,1738,41.9811325,32824861
67,Peru,2020,Peru2020,73,68.37413025,6063.626923,1280000,1738,34.4339638,33304756
67,Peru,2021,Peru2021,73.1,67.87845612,6635.464148,1280000,1738,33.4905663,33715471
68,Philippines,2012,Philippines2012,52.1,63.21660995,2671.777522,298170,2348,13.7440758,98032317
68,Philippines,2013,Philippines2013,53,63.29364014,2847.567943,298170,2348,16.1137447,99700107
68,Philippines,2014,Philippines2014,54.4,63.90320587,2935.928598,298170,2348,21.9047623,101325201
68,Philippines,2015,Philippines2015,55.5,64.04720306,2974.296917,298170,2348,19.5238094,103031365
68,Philippines,2016,Philippines2016,57,64.08951569,3038.152037,298170,2348,9.52380943,104875266
68,Philippines,2017,Philippines2017,57.5,66.42134857,3077.434419,298170,2348,11.4285717,106738501
68,Philippines,2018,Philippines2018,59.3,66.4720993,3194.672701,298170,2348,12.7358494,108568836
68,Philippines,2019,Philippines2019,59.7,66.21046448,3413.849044,298170,2348,16.037735,110380804
68,Philippines,2020,Philippines2020,60.6,65.37471771,3224.422811,298170,2348,19.8113213,112190977
68,Philippines,2021,Philippines2021,59.6,65.60580444,3460.539382,298170,2348,16.037735,113880328
69,Poland,2012,Poland2012,68.5,79.10190582,13010.75559,306220,600,86.2559204,38063164
69,Poland,2013,Poland2013,71.3,79.32879639,13558.34113,306210,600,81.5165863,38040196
69,Poland,2014,Poland2014,72.3,80.0956192,14181.94868,306190,600,76.1904755,38011735
69,Poland,2015,Poland2015,71.5,80.66275024,12560.05142,306190,600,74.7619019,37986412
69,Poland,2016,Poland2016,72.9,80.83222961,12378.81176,306190,600,63.3333321,37970087
69,Poland,2017,Poland2017,73.2,80.50480652,13815.49995,306190,600,64.2857132,37974826
69,Poland,2018,Poland2018,73,80.03149414,15504.50894,306170,600,62.7358475,37974750
69,Poland,2019,Poland2019,75.5,80.31167603,15700.01358,306110,600,65.56604,37965475
69,Poland,2020,Poland2020,75,80.18631744,15816.8204,306130,600,62.2641525,37899070
69,Poland,2021,Poland2021,75,80.95797729,18050.27944,306100,600,61.320755,37747124
70,Portugal,2012,Portugal2012,74.8,81.83238983,20563.7136,91590,854,70.6161118,10514844
70,Portugal,2013,Portugal2013,74.4,81.07868195,21653.19598,91605.2,854,68.7203827,10457295
70,Portugal,2014,Portugal2014,73.6,82.43400574,22103.70097,91605.6,854,74.2857132,10401062
70,Portugal,2015,Portugal2015,76.7,82.76014709,19250.10654,91605.6,854,78.0952377,10358076
70,Portugal,2016,Portugal2016,77.3,83.1053772,19991.97249,91605.6,854,79.5238113,10325452
70,Portugal,2017,Portugal2017,78.1,84.42430878,21490.42986,91605.6,854,88.5714264,10300300
70,Portugal,2018,Portugal2018,79.2,84.60607147,23562.55452,91605.6,854,89.1509399,10283822
70,Portugal,2019,Portugal2019,78.8,84.96342468,23330.81729,91605.6,854,87.2641525,10286263
70,Portugal,2020,Portugal2020,79.7,84.56323242,22242.40642,91605.6,854,83.4905624,10297081
70,Portugal,2021,Portugal2021,77,84.54418182,24661.16649,91605.6,854,81.1320724,10361831
71,Qatar,2012,Qatar2012,69.9,71.6509552,98041.36224,11610,74,92.4170609,1905660
71,Qatar,2013,Qatar2013,70.1,73.73948669,97630.82552,11610,74,91.9431305,2035501
71,Qatar,2014,Qatar2014,72.8,74.57636261,93126.14946,11490,74,80.4761887,2214465
71,Qatar,2015,Qatar2015,72,74.31178284,66984.9102,11490,74,82.3809509,2414573
71,Qatar,2016,Qatar2016,72,74.08376312,58467.23557,11490,74,76.6666641,2595166
71,Qatar,2017,Qatar2017,73,74.50055695,59407.69805,11490,74,69.0476227,2711755
71,Qatar,2018,Qatar2018,73,75.51967621,66264.08117,11490,74,66.9811325,2766732
71,Qatar,2019,Qatar2019,73.8,72.64222717,62827.39695,11490,74,69.8113174,2807235
71,Qatar,2020,Qatar2020,74,73.1926651,52315.66008,11490,74,68.8679276,2760385
71,Qatar,2021,Qatar2021,74.6,71.40948486,66858.74172,11490,74,75,2688235
72,Romania,2012,Romania2012,63,76.76146698,8930.729912,230020,637,48.8151665,20058035
72,Romania,2013,Romania2013,64.5,77.16876221,9497.206476,230030,637,54.0284348,19983693
72,Romania,2014,Romania2014,66.6,78.31060028,10031.34215,230080,637,48.5714302,19908979
72,Romania,2015,Romania2015,67.7,78.8375473,8976.954489,230080,637,54.2857132,19815616
72,Romania,2016,Romania2016,68.7,79.08535004,9404.381259,230080,637,55.2380943,19702267
72,Romania,2017,Romania2017,70.9,79.22343445,10727.97086,230080,637,48.5714302,19588715
72,Romania,2018,Romania2018,69.2,78.7015686,12494.42358,230080,637,49.0566025,19473970
72,Romania,2019,Romania2019,70.5,79.22827148,12957.99911,230080,637,63.679245,19371648
72,Romania,2020,Romania2020,71.7,78.95235443,13047.45666,230080,637,62.7358475,19265250
72,Romania,2021,Romania2021,69.3,79.19596863,14946.62497,230080,637,64.1509399,19122059
73,Rwanda,2012,Rwanda2012,45.9,48.26947021,706.2020035,24670,1212,38.3886261,10840334
73,Rwanda,2013,Rwanda2013,42.1,49.17302704,704.4856255,24670,1212,42.1800957,11101350
73,Rwanda,2014,Rwanda2014,44.9,49.78248215,724.7923503,24670,1212,35.2380943,11368451
73,Rwanda,2015,Rwanda2015,46.9,50.4109726,733.8874728,24670,1212,45.7142868,11642959
73,Rwanda,2016,Rwanda2016,44,50.73239136,728.8696189,24670,1212,44.7619057,11930899
73,Rwanda,2017,Rwanda2017,41,50.93220901,756.5476411,24670,1212,49.5238113,12230339
73,Rwanda,2018,Rwanda2018,42.4,51.78279114,768.9436612,24670,1212,52.35849,12531808
73,Rwanda,2019,Rwanda2019,47,51.12237167,806.1008203,24670,1212,49.5283012,12835028
73,Rwanda,2020,Rwanda2020,48.5,49.87739563,773.7732609,24670,1212,49.5283012,13146362
73,Rwanda,2021,Rwanda2021,44.6,50.99737167,821.1713948,24670,1212,50.4716988,13461888
74,Saudi Arabia,2012,Saudi Arabia2012,58.1,65.06600189,24069.20331,2149690,59,32.2274895,30821543
74,Saudi Arabia,2013,Saudi Arabia2013,61,65.83222961,23945.51231,2149690,59,32.7014236,31482498
74,Saudi Arabia,2014,Saudi Arabia2014,62.9,65.70323944,23862.80119,2149690,59,36.1904755,32125564
74,Saudi Arabia,2015,Saudi Arabia2015,65.3,65.15795135,20442.36606,2149690,59,23.8095245,32749848
74,Saudi Arabia,2016,Saudi Arabia2016,64.5,65.33942413,19930.40754,2149690,59,28.0952377,33416270
74,Saudi Arabia,2017,Saudi Arabia2017,66.1,66.77912903,20910.48296,2149690,59,23.8095245,34193122
74,Saudi Arabia,2018,Saudi Arabia2018,67.3,66.94567108,24175.58331,2149690,59,23.1132069,35018133
74,Saudi Arabia,2019,Saudi Arabia2019,65,67.19568634,23405.7061,2149690,59,23.5849056,35827362
74,Saudi Arabia,2020,Saudi Arabia2020,69.1,66.45916748,20398.06099,2149690,59,23.5849056,35997107
74,Saudi Arabia,2021,Saudi Arabia2021,68.2,66.69139862,24315.61855,2149690,59,24.5283012,35950396
75,Senegal,2012,Senegal2012,42.5,59.25915909,1334.725915,192530,686,40.7582932,13231833
75,Senegal,2013,Senegal2013,44.4,59.50421143,1391.53219,192530,686,43.6018944,13595566
75,Senegal,2014,Senegal2014,46.6,60.34408188,1417.094987,192530,686,37.1428566,13970308
75,Senegal,2015,Senegal2015,49.7,59.85349274,1238.1264,192530,686,41.9047623,14356181
75,Senegal,2016,Senegal2016,48.6,59.97699738,1290.749971,192530,686,37.6190491,14751356
75,Senegal,2017,Senegal2017,47.3,60.88570404,1385.199214,192530,686,43.8095245,15157793
75,Senegal,2018,Senegal2018,50,61.09483337,1484.22707,192530,686,41.9811325,15574909
75,Senegal,2019,Senegal2019,50.4,61.23727417,1462.678353,192530,686,48.5849075,16000781
75,Senegal,2020,Senegal2020,50.9,61.37975693,1492.475903,192530,686,42.4528313,16436120
75,Senegal,2021,Senegal2021,50.8,62.1977005,1633.560119,192530,686,41.5094337,16876720
76,Sierra Leone,2012,Sierra Leone2012,41.5,46.49556351,558.1797233,72180,2526,37.9146919,6788587
76,Sierra Leone,2013,Sierra Leone2013,42.6,46.6055336,706.4526815,72180,2526,39.8104248,6964859
76,Sierra Leone,2014,Sierra Leone2014,46.7,46.46775055,702.3385877,72180,2526,41.9047623,7140688
76,Sierra Leone,2015,Sierra Leone2015,48,45.64888382,581.2934118,72180,2526,42.3809509,7314773
76,Sierra Leone,2016,Sierra Leone2016,46.6,45.10525894,515.4478396,72180,2526,39.5238113,7493913
76,Sierra Leone,2017,Sierra Leone2017,44.5,45.10748291,484.4561288,72180,2526,45.7142868,7677565
76,Sierra Leone,2018,Sierra Leone2018,40.1,44.94629669,519.6499639,72180,2526,43.396225,7861281
76,Sierra Leone,2019,Sierra Leone2019,42.4,45.04769897,506.6069138,72180,2526,45.7547188,8046828
76,Sierra Leone,2020,Sierra Leone2020,45.7,44.49175644,493.4322406,72180,2526,35.8490562,8233970
76,Sierra Leone,2021,Sierra Leone2021,42.9,45.48646164,504.6212876,72180,2526,44.3396225,8420641
77,Singapore,2012,Singapore2012,68.4,83.72171021,55547.55531,706,2497,97.156395,5312437
77,Singapore,2013,Singapore2013,70.1,83.34526062,56967.42579,707,2497,96.6824646,5399162
77,Singapore,2014,Singapore2014,72.3,81.45870209,57564.80231,709,2497,93.3333359,5469724
77,Singapore,2015,Singapore2015,72.1,81.46313477,55645.60686,709,2497,95.2380981,5535002
77,Singapore,2016,Singapore2016,70.8,82.24822998,56895.65831,709,2497,99.0476227,5607283
77,Singapore,2017,Singapore2017,70.2,82.85272217,61164.89736,712,2497,99.0476227,5612253
77,Singapore,2018,Singapore2018,72.4,83.10764313,66836.522,714,2497,98.5849075,5638676
77,Singapore,2019,Singapore2019,74.7,83.13324738,66070.48681,716,2497,97.64151,5703569
77,Singapore,2020,Singapore2020,74.7,82.90647125,61273.99166,718,2497,97.1698151,5685807
77,Singapore,2021,Singapore2021,72.8,82.48265839,77710.08924,718,2497,97.64151,5453566
78,South Africa,2012,South Africa2012,57.1,69.40924835,8173.869138,1213090,495,43.1279602,53145033
78,South Africa,2013,South Africa2013,60.8,69.787323,7441.230854,1213090,495,45.0236969,53873616
78,South Africa,2014,South Africa2014,61.5,70.2628479,6965.137897,1213090,495,40,54729551
78,South Africa,2015,South Africa2015,61.4,70.17347717,6204.929901,1213090,495,39.0476189,55876504
78,South Africa,2016,South Africa2016,66.4,70.19734192,5735.066787,1213090,495,40,56422274
78,South Africa,2017,South Africa2017,64.3,70.41472626,6734.475153,1213090,495,34.2857132,56641209
78,South Africa,2018,South Africa2018,65.8,70.15474701,7067.724165,1213090,495,38.2075462,57339635
78,South Africa,2019,South Africa2019,66.1,70.23417664,6702.526617,1213090,495,36.320755,58087055
78,South Africa,2020,South Africa2020,64.5,69.84163666,5753.066494,1213090,495,39.1509438,58801927
78,South Africa,2021,South Africa2021,64.9,69.72826385,7073.612754,1213090,495,20.2830181,59392255
79,Spain,2012,Spain2012,74.9,83.6550293,28322.94659,500210,636,42.6540298,46773055
79,Spain,2013,Spain2013,75.1,83.74555969,29077.18206,500210,636,46.9194298,46620045
79,Spain,2014,Spain2014,74.4,84.62692261,29513.65118,500210,636,55.2380943,46480882
79,Spain,2015,Spain2015,76.8,84.79331207,25754.36103,499661,636,55.7142868,46444832
79,Spain,2016,Spain2016,77.4,85.07343292,26537.15949,499564,636,60,46484062
79,Spain,2017,Spain2017,77.1,85.64929199,28185.32137,499547.35,636,57.1428566,46593236
79,Spain,2018,Spain2018,78,83.90632629,30379.72111,499603.479,636,56.603775,46797754
79,Spain,2019,Spain2019,77.2,85.88573456,29581.51855,499570.036,636,58.0188675,47134837
79,Spain,2020,Spain2020,77.4,84.64377594,26984.29628,499556.645,636,58.962265,47365655
79,Spain,2021,Spain2021,76.6,85.34980011,30488.82095,499733.244,636,61.7924538,47415794
80,Sri Lanka,2012,Sri Lanka2012,52.9,58.83973312,3351.892476,62710,1712,22.7488155,21017147
80,Sri Lanka,2013,Sri Lanka2013,55.5,57.5172348,3643.832447,62710,1712,25.5924168,21131756
80,Sri Lanka,2014,Sri Lanka2014,54.2,58.0957756,3885.623616,62710,1712,34.2857132,21239457
80,Sri Lanka,2015,Sri Lanka2015,55.2,57.84059906,3990.353117,61893,1712,50.4761887,21336697
80,Sri Lanka,2016,Sri Lanka2016,58.4,58.26771545,4107.829775,61893,1712,46.6666679,21425494
80,Sri Lanka,2017,Sri Lanka2017,60.1,58.69404984,4388.201906,61893,1712,42.3809509,21506813
80,Sri Lanka,2018,Sri Lanka2018,57.4,58.75194168,4360.584735,61864,1712,41.037735,21670000
80,Sri Lanka,2019,Sri Lanka2019,59.7,59.10712433,4082.694049,61864.47,1712,40.0943413,21803000
80,Sri Lanka,2020,Sri Lanka2020,57.3,57.01350403,3852.389091,61860,1712,44.8113213,21919000
80,Sri Lanka,2021,Sri Lanka2021,55.5,57.43052292,3996.571995,61860,1712,33.0188675,22156000
81,Sudan,2012,Sudan2012,35.5,41.60205841,1797.400879,1868000,0,2.36966825,35159792
81,Sudan,2013,Sudan2013,34.8,42.94142151,1834.561035,1868000,250,2.36966825,35990704
81,Sudan,2014,Sudan2014,36.8,42.057724,2076.000977,1868000,250,3.80952382,37003245
81,Sudan,2015,Sudan2015,36.9,41.71809769,2226.409424,1868000,250,3.80952382,38171178
81,Sudan,2016,Sudan2016,39.1,41.16062546,2614.294434,1868000,250,2.85714293,39377169
81,Sudan,2017,Sudan2017,40.5,41.43666077,3188.769287,1868000,250,5.71428585,40679828
81,Sudan,2018,Sudan2018,40.1,46.1415329,769.8691406,1868000,250,6.13207531,41999059
81,Sudan,2019,Sudan2019,40.9,46.86252594,748.0109253,1868000,250,6.13207531,43232093
81,Sudan,2020,Sudan2020,39.1,47.95141602,608.3325195,1868000,250,7.54716969,44440486
81,Sudan,2021,Sudan2021,38.8,47.10404205,749.7067871,1868000,250,5.18867922,45657202
82,Sweden,2012,Sweden2012,75.7,88.18261719,58037.82132,407339.7,624,90.0473938,9519374
82,Sweden,2013,Sweden2013,75.8,87.93797302,61126.9432,407339.7,624,90.0473938,9600379
82,Sweden,2014,Sweden2014,75.2,89.69094086,60020.36046,407339.7,624,88.0952377,9696110
82,Sweden,2015,Sweden2015,77.5,89.56044769,51545.48361,407310.64,624,79.5238113,9799186
82,Sweden,2016,Sweden2016,78.7,89.25669098,51965.15715,407310.64,624,87.1428604,9923085
82,Sweden,2017,Sweden2017,80.4,89.26522064,53791.50873,407310.64,624,80.4761887,10057698
82,Sweden,2018,Sweden2018,80.9,89.4765625,54589.06039,407310.64,624,79.245285,10175214
82,Sweden,2019,Sweden2019,80.4,89.57771301,51939.42974,407283.59,624,82.5471725,10278887
82,Sweden,2020,Sweden2020,79.3,88.88336182,52837.90398,407283.532,624,81.603775,10353442
82,Sweden,2021,Sweden2021,77.7,89.01242065,61417.68088,407283.54,624,84.43396,10415811
83,Tajikistan,2012,Tajikistan2012,47.1,50.69649506,959.3602175,139960,691,12.3222752,7956382
83,Tajikistan,2013,Tajikistan2013,52,48.97713852,1038.320717,139960,691,13.2701426,8136610
83,Tajikistan,2014,Tajikistan2014,51.5,49.59227371,1094.430124,138786,691,23.333334,8326348
83,Tajikistan,2015,Tajikistan2015,49.5,46.54066086,970.3625997,138790,691,18.5714283,8524063
83,Tajikistan,2016,Tajikistan2016,51.3,47.00163269,801.39384,138790,691,20,8725318
83,Tajikistan,2017,Tajikistan2017,53,47.75299835,844.3652498,138790,691,22.8571434,8925525
83,Tajikistan,2018,Tajikistan2018,52.3,52.19604111,850.6669582,138790,691,19.8113213,9128132
83,Tajikistan,2019,Tajikistan2019,56,50.59034729,889.0233718,138790,691,26.4150944,9337003
83,Tajikistan,2020,Tajikistan2020,55,51.69114304,852.3302296,138790,691,26.8867931,9543207
83,Tajikistan,2021,Tajikistan2021,54.4,52.17034912,916.6919671,138790,691,23.5849056,9750064
84,Thailand,2012,Thailand2012,55.5,70.77009583,5748.632721,510890,1622,13.2701426,69157023
84,Thailand,2013,Thailand2013,57.4,70.31028748,6041.133948,510890,1622,9.9526062,69578602
84,Thailand,2014,Thailand2014,57.9,70.95851135,5822.377783,510890,1622,16.1904755,69960943
84,Thailand,2015,Thailand2015,57,69.9260788,5708.794091,510890,1622,14.7619047,70294397
84,Thailand,2016,Thailand2016,59,71.1333313,5854.463908,510890,1622,14.2857141,70607037
84,Thailand,2017,Thailand2017,60.7,71.02496338,6436.78966,510890,1622,19.0476189,70898202
84,Thailand,2018,Thailand2018,61.7,71.76888275,7124.55881,510890,1622,19.3396225,71127802
84,Thailand,2019,Thailand2019,62.4,73.42722321,7628.576033,510890,1622,27.8301888,71307763
84,Thailand,2020,Thailand2020,61.4,72.25016785,7001.78546,510890,1622,25.9433956,71475664
84,Thailand,2021,Thailand2021,62.1,72.38077545,7060.897707,510890,1622,25.4716988,71601103
85,Togo,2012,Togo2012,42.7,51.75033188,781.5543405,54390,1168,35.5450249,6926635
85,Togo,2013,Togo2013,43.3,51.89676666,847.3875004,54390,1168,36.018959,7106229
85,Togo,2014,Togo2014,46.2,49.95435333,877.192473,54390,1168,38.5714302,7288383
85,Togo,2015,Togo2015,47.1,50.15568542,770.1433793,54390,1168,38.5714302,7473229
85,Togo,2016,Togo2016,42.7,50.08574677,792.4405509,54390,1168,39.0476189,7661354
85,Togo,2017,Togo2017,47.3,51.07155991,813.3950065,54390,1168,17.1428566,7852795
85,Togo,2018,Togo2018,47.8,51.00894928,873.5548872,54390,1168,16.037735,8046679
85,Togo,2019,Togo2019,48.2,50.4070015,848.3045346,54390,1168,16.5094337,8243094
85,Togo,2020,Togo2020,49.1,50.52985764,886.6995115,54390,1168,16.037735,8442580
85,Togo,2021,Togo2021,48.5,50.29284286,976.6661831,54390,1168,22.1698112,8644829
86,Tunisia,2012,Tunisia2012,56,67.53501892,4233.916254,155360,207,22.2748814,11174383
86,Tunisia,2013,Tunisia2013,54.9,67.26060486,4308.338305,155360,207,18.957346,11300284
86,Tunisia,2014,Tunisia2014,55.6,68.40821075,4398.638695,155360,207,18.5714283,11428948
86,Tunisia,2015,Tunisia2015,56.3,66.44696808,3960.924849,155360,207,16.666666,11557779
86,Tunisia,2016,Tunisia2016,57.2,66.8243103,3796.1096,155360,207,11.4285717,11685667
86,Tunisia,2017,Tunisia2017,60.4,67.23345184,3569.718839,155360,207,13.8095236,11811443
86,Tunisia,2018,Tunisia2018,59.1,67.57332611,3577.175342,155360,207,16.9811325,11933041
86,Tunisia,2019,Tunisia2019,59.2,67.12631226,3477.836181,155360,207,17.4528294,12049314
86,Tunisia,2020,Tunisia2020,59.3,65.45049286,3497.719027,155360,207,25,12161723
86,Tunisia,2021,Tunisia2021,60.4,66.28807831,3807.184109,155360,207,19.3396225,12262946
87,Uganda,2012,Uganda2012,41,51.64471436,796.7111394,200520,1180,20.3791466,34273295
87,Uganda,2013,Uganda2013,43.1,51.87492371,819.7578673,200520,1180,19.9052124,35273570
87,Uganda,2014,Uganda2014,47.5,51.50704956,897.5097286,200520,1180,15.2380953,36336539
87,Uganda,2015,Uganda2015,49,50.88879776,864.1800593,200520,1180,20.9523811,37477356
87,Uganda,2016,Uganda2016,47.8,52.19445801,753.6844055,200520,1180,21.4285717,38748299
87,Uganda,2017,Uganda2017,47.8,52.68298721,766.177604,200520,1180,26.666666,40127085
87,Uganda,2018,Uganda2018,44.7,53.00934601,793.1280822,200520,1180,21.2264156,41515395
87,Uganda,2019,Uganda2019,48,52.89346313,823.0247329,200520,1180,22.1698112,42949080
87,Uganda,2020,Uganda2020,47.7,52.17615509,846.8811992,200520,1180,18.8679237,44404611
87,Uganda,2021,Uganda2021,47,52.79164505,883.4657281,200520,1180,17.9245281,45853778
88,Ukraine,2012,Ukraine2012,55.8,72.69816589,4004.789795,579320,565,41.7061615,45593342
88,Ukraine,2013,Ukraine2013,54.3,73.19032288,4187.739746,579320,565,20.8530807,45489648
88,Ukraine,2014,Ukraine2014,56.8,72.90773773,3104.653809,579290,565,5.71428585,45272155
88,Ukraine,2015,Ukraine2015,53.1,73.45195007,2124.662598,579290,565,5.23809528,45154036
88,Ukraine,2016,Ukraine2016,49.5,74.17858887,2187.727539,579290,565,6.66666651,45004673
88,Ukraine,2017,Ukraine2017,54.5,74.83546448,2638.325439,579300,565,6.66666651,44831135
88,Ukraine,2018,Ukraine2018,52.4,74.4291687,3096.5625,579400,565,5.6603775,44622518
88,Ukraine,2019,Ukraine2019,55.5,74.1210556,3661.457764,579400,565,8.96226406,44386203
88,Ukraine,2020,Ukraine2020,57.8,73.06505585,3751.737305,579400,565,12.2641506,44132049
88,Ukraine,2021,Ukraine2021,60.6,73.41287231,4827.845703,579400,565,12.7358494,43822901
89,United Arab Emirates,2012,United Arab Emirates2012,63.2,72.88724518,44386.78608,71020,78,73.4597168,8664969
89,United Arab Emirates,2013,United Arab Emirates2013,61.4,73.3657074,45729.60768,71020,78,74.8815155,8751847
89,United Arab Emirates,2014,United Arab Emirates2014,62.1,73.48988342,46865.9646,71020,78,71.9047623,8835951
89,United Arab Emirates,2015,United Arab Emirates2015,61.5,74.11642456,41525.1389,71020,78,70,8916899
89,United Arab Emirates,2016,United Arab Emirates2016,60.3,73.94944,41054.53957,71020,78,64.7619019,8994263
89,United Arab Emirates,2017,United Arab Emirates2017,63.9,74.61802673,43063.96748,71020,78,66.6666641,9068296
89,United Arab Emirates,2018,United Arab Emirates2018,71.6,75.37550354,46722.26872,71020,78,68.8679276,9140169
89,United Arab Emirates,2019,United Arab Emirates2019,72.9,76.08695984,45376.17084,71020,78,69.3396225,9211657
89,United Arab Emirates,2020,United Arab Emirates2020,73.7,76.72497559,37629.17417,71020,78,65.0943375,9287289
89,United Arab Emirates,2021,United Arab Emirates2021,73.6,76.9623642,44332.34005,71020,78,65.0943375,9365145
90,United Kingdom,2012,United Kingdom2012,71.6,88.98227692,42497.3405,241930,1220,59.715641,63700215
90,United Kingdom,2013,United Kingdom2013,74.9,88.9550705,43426.29814,241930,1220,63.0331764,64128273
90,United Kingdom,2014,United Kingdom2014,73.9,88.87257385,47439.61659,241930,1220,59.5238113,64602298
90,United Kingdom,2015,United Kingdom2015,76.5,89.02385712,44964.39114,241930,1220,61.4285698,65116219
90,United Kingdom,2016,United Kingdom2016,77,89.11446381,40985.23514,241930,1220,58.0952377,65611593
90,United Kingdom,2017,United Kingdom2017,77.7,89.45875549,40572.12148,241930,1220,60.4761887,66058859
90,United Kingdom,2018,United Kingdom2018,76.9,89.32617188,43203.81411,241930,1220,50.4716988,66460344
90,United Kingdom,2019,United Kingdom2019,78.4,89.29525757,42662.53537,241930,1220,62.2641525,66836327
90,United Kingdom,2020,United Kingdom2020,78.8,88.55335999,40217.00901,241930,1220,61.320755,67081234
90,United Kingdom,2021,United Kingdom2021,79.3,88.39199066,46869.75906,241930,1220,60.8490562,67026292
91,Uruguay,2012,Uruguay2012,60.9,72.50110626,16087.25208,175020,1300,69.6682434,3371133
91,Uruguay,2013,Uruguay2013,66.9,72.47792816,18140.89221,175020,1300,71.5639801,3381180
91,Uruguay,2014,Uruguay2014,67,72.13502502,18131.57885,175020,1300,83.8095245,3391662
91,Uruguay,2015,Uruguay2015,68.6,72.39017487,16950.75317,175020,1300,84.2857132,3402818
91,Uruguay,2016,Uruguay2016,69.8,72.04031372,16837.94038,175020,1300,88.5714264,3413766
91,Uruguay,2017,Uruguay2017,70.5,72.35671234,18995.39702,175020,1300,86.1904755,3422200
91,Uruguay,2018,Uruguay2018,75.3,72.49497986,19026.04982,175020,1300,85.8490601,3427042
91,Uruguay,2019,Uruguay2019,74.2,73.09790039,18098.36155,175020,1300,83.962265,3428409
91,Uruguay,2020,Uruguay2020,74.1,72.79876709,15650.4993,175020,1300,86.79245,3429086
91,Uruguay,2021,Uruguay2021,69.2,72.56486511,17923.99533,175020,1300,87.2641525,3426260
92,Uzbekistan,2012,Uzbekistan2012,50.4,43.44583511,2267.623275,435800,206,29.8578205,29774500
92,Uzbekistan,2013,Uzbekistan2013,51.4,43.27507401,2419.718744,435789,206,27.0142174,30243200
92,Uzbekistan,2014,Uzbekistan2014,49.9,43.14807892,2628.460054,435789,206,36.6666679,30757700
92,Uzbekistan,2015,Uzbekistan2015,52.3,42.83880234,2753.971058,440600,206,33.3333321,31298900
92,Uzbekistan,2016,Uzbekistan2016,55,43.78603363,2704.677189,440591,206,36.1904755,31847900
92,Uzbekistan,2017,Uzbekistan2017,57.7,47.38234711,1916.764625,440588,206,37.6190491,32388600
92,Uzbekistan,2018,Uzbekistan2018,52.1,51.09593582,1604.258642,440587,206,35.8490562,32956100
92,Uzbekistan,2019,Uzbekistan2019,51.4,52.19985199,1795.201768,440555,206,34.9056587,33580350
92,Uzbekistan,2020,Uzbekistan2020,53.1,51.01345825,1759.307471,440650,206,32.07547,34232050
92,Uzbekistan,2021,Uzbekistan2021,54.5,52.17673492,1993.424478,440653,206,37.7358475,34915100
93,Zambia,2012,Zambia2012,45.3,54.15187073,1729.647471,743390,1020,68.2464447,14744658
93,Zambia,2013,Zambia2013,46.5,55.20713043,1840.320553,743390,1020,61.6113739,15234976
93,Zambia,2014,Zambia2014,46,56.00231552,1724.57622,743390,1020,52.3809509,15737793
93,Zambia,2015,Zambia2015,45.6,55.77551651,1307.909649,743390,1020,53.3333321,16248230
93,Zambia,2016,Zambia2016,47.3,57.18188858,1249.923143,743390,1020,50,16767761
93,Zambia,2017,Zambia2017,41.5,56.83193207,1495.752138,743390,1020,52.3809509,17298054
93,Zambia,2018,Zambia2018,45.5,56.92089844,1475.199883,743390,1020,50.9433975,17835893
93,Zambia,2019,Zambia2019,45.5,57.06567764,1268.120941,743390,1020,43.396225,18380477
93,Zambia,2020,Zambia2020,46.6,58.51781845,956.831729,743390,1020,43.396225,18927715
93,Zambia,2021,Zambia2021,44.7,57.99230576,1134.713454,743390,1020,48.5849075,19473125
